姓名,财富(亿),性别,年龄,出生地,公司,行业,总部,排名,年龄段,省份
张一鸣,3500.0,先生,41.0,,字节跳动,社交媒体,北京,1,41-50岁,北京
钟睒睒,3400.0,先生,70.0,,养生堂,饮料、医疗保健,浙江杭州,2,70岁以上,浙江杭州
马化腾,3150.0,先生,53.0,汕头,腾讯,互联网服务,广东深圳,3,51-60岁,广东深圳
黄峥,2450.0,先生,44.0,杭州,拼多多,购物网站,上海长宁,4,41-50岁,上海长宁
何享健,2350.0,先生,82.0,佛山,美的,家电制造,广东佛山,5,70岁以上,广东佛山
曾毓群,2000.0,先生,56.0,,宁德时代,锂电池,福建宁德,6,51-60岁,福建宁德
丁磊,2000.0,先生,53.0,宁波,网易,互联网技术,浙江杭州,6,51-60岁,浙江杭州
李嘉诚,2000.0,先生,96.0,潮州,长江实业,投资,香港,6,70岁以上,香港
李兆基,1750.0,先生,96.0,佛山,恒基兆业,房地产,香港,9,70岁以上,香港
马云,1650.0,先生,60.0,绍兴,阿里系,电子商务、金融科技,浙江杭州,10,61-70岁,浙江杭州
李书福,1450.0,先生,61.0,台州,吉利,汽车制造,浙江杭州,11,61-70岁,浙江杭州
严昊,1450.0,先生,38.0,淮安,太平洋建设,基础建设,新疆乌鲁木齐,11,31-40岁,新疆乌鲁木齐
张刚,1450.0,先生,43.0,聊城,信发铝电,电解铝、氧化铝,山东聊城,11,41-50岁,山东聊城
李蔡美灵,1400.0,先生,,香港,李锦记,调味品,香港,14,,香港
吕向阳,1400.0,先生,61.0,芜湖,融捷,投资,广东广州,14,61-70岁,广东广州
秦英林,1350.0,先生,59.0,南阳,牧原,畜牧,河南南阳,16,51-60岁,河南南阳
王传福,1350.0,先生,58.0,芜湖,比亚迪,汽车、充电电池,广东深圳,16,51-60岁,广东深圳
赵长鹏,1350.0,先生,47.0,,币安,虚拟货币交易所,美国,16,41-50岁,美国
雷军,1300.0,先生,55.0,仙桃,小米,智能硬件与技术、投资,北京,19,51-60岁,北京
陈建华,1250.0,先生,53.0,苏州,恒力,化纤、石化、房地产,江苏苏州,20,51-60岁,江苏苏州
张志东,1250.0,先生,52.0,东莞,腾讯,互联网服务,广东深圳,20,51-60岁,广东深圳
刘永行,1200.0,先生,76.0,,东方希望,氧化铝、重化工、饲料,上海浦东,22,70岁以上,上海浦东
王卫,1100.0,先生,54.0,河源,顺丰,快递,广东深圳,23,51-60岁,广东深圳
魏建军,1100.0,先生,60.0,保定,长城,汽车制造,河北保定,23,61-70岁,河北保定
郑淑良,1100.0,先生,78.0,滨州,魏桥创业,铝业、纺织,山东滨州,23,70岁以上,山东滨州
李西廷,1000.0,先生,73.0,宿州,迈瑞,医疗器械,广东深圳,26,70岁以上,广东深圳
党彦宝,950.0,先生,51.0,,宝丰,煤化工,宁夏银川,27,51-60岁,宁夏银川
徐航,950.0,先生,62.0,广东,迈瑞、鹏瑞,医疗器械、房地产,广东深圳,27,61-70岁,广东深圳
郑家纯,950.0,先生,76.0,香港,周大福,珠宝,香港,27,70岁以上,香港
郭台铭,930.0,先生,74.0,晋城,鸿海,电子制造,台湾台北,30,70岁以上,台湾台北
吴光正,930.0,先生,78.0,宁波,会德丰,房地产,香港,30,70岁以上,香港
刘銮雄,910.0,先生,73.0,香港,华人置业,房地产,香港,32,70岁以上,香港
黄世霖,890.0,先生,57.0,,宁德时代,锂电池,福建宁德,33,51-60岁,福建宁德
王兴,885.0,先生,45.0,福建,美团,生活服务,北京,34,41-50岁,北京
庞康,870.0,先生,68.0,,海天味业,调味品,广东佛山,35,61-70岁,广东佛山
杜纪川,850.0,先生,83.0,丽水,金士顿科技,半导体,美国洛杉矶,36,70岁以上,美国洛杉矶
孙大卫,850.0,先生,73.0,,金士顿科技,半导体,美国洛杉矶,36,70岁以上,美国洛杉矶
林立,810.0,先生,61.0,河源,立业,投资,广东深圳,38,61-70岁,广东深圳
宗馥莉,810.0,女士,,,娃哈哈,饮料,浙江杭州,38,,浙江杭州
吕志和,800.0,先生,95.0,江门,银河,博彩,香港,40,70岁以上,香港
严彬,800.0,先生,70.0,莱州,华彬,饮料、地产,北京,40,70岁以上,北京
钟慧娟,770.0,女士,63.0,,翰森,医药,江苏连云港,42,61-70岁,江苏连云港
李泽楷,750.0,先生,58.0,潮州,电讯盈科,电信,香港,43,51-60岁,香港
蔡浩宇,730.0,先生,37.0,济南,米哈游,游戏,上海,44,31-40岁,上海
张聪渊,720.0,先生,76.0,,华利实业,鞋业,广东中山,45,70岁以上,广东中山
刘汉元,700.0,先生,60.0,成都,通威,新能源、农业,四川成都,46,61-70岁,四川成都
林百里,695.0,先生,75.0,,广达电脑,消费电子产品,台湾桃园,47,70岁以上,台湾桃园
刘永好,690.0,先生,73.0,成都,新希望,农业、化工、金融,四川成都,48,70岁以上,四川成都
蔡崇信,680.0,先生,60.0,,阿里系,电子商务、金融科技,浙江杭州,49,61-70岁,浙江杭州
陈东升,670.0,先生,67.0,天门,泰康,保险,北京,50,61-70岁,北京
项光达,670.0,先生,66.0,,青山控股,钢铁,浙江温州,50,61-70岁,浙江温州
于泳,670.0,先生,,,鸿商产业,钼矿,上海浦东,50,,上海浦东
张国华,670.0,先生,69.0,台北,长荣集团,物流、钢铁,台湾台北,50,61-70岁,台湾台北
邝肖卿,665.0,女士,95.0,广州,新鸿基,房地产,香港,54,70岁以上,香港
孙飘扬,650.0,先生,66.0,镇江,恒瑞,医药,江苏连云港,55,61-70岁,江苏连云港
周群飞,635.0,女士,54.0,长沙,蓝思科技,电子器件制造,湖南长沙,56,51-60岁,湖南长沙
王来胜,630.0,先生,60.0,,立讯精密,消费电子,广东深圳,57,61-70岁,广东深圳
徐浩宇,630.0,先生,52.0,泰州,扬子江药业,医药,江苏泰州,57,51-60岁,江苏泰州
王来春,620.0,女士,57.0,,立讯精密,消费电子,广东深圳,59,51-60岁,广东深圳
朱保国,620.0,先生,62.0,,健康元,医药,广东深圳,59,61-70岁,广东深圳
龚虹嘉,615.0,先生,59.0,,海康威视,视频监控产品,浙江杭州,61,51-60岁,浙江杭州
岑均达,610.0,先生,,,恒瑞、翰森,医药,江苏连云港,62,,江苏连云港
梁稳根,600.0,先生,68.0,娄底,三一,重型机械,北京,63,61-70岁,北京
王玉锁,600.0,先生,60.0,廊坊,新奥,天然气、能源化工,河北廊坊,63,61-70岁,河北廊坊
陈天桥,590.0,先生,51.0,绍兴,盛大,投资,上海浦东,65,51-60岁,上海浦东
汪俊林,590.0,先生,62.0,眉山,郎酒,白酒,四川成都,65,61-70岁,四川成都
杜双华,575.0,先生,59.0,衡水,日照钢铁,钢铁,山东日照,67,51-60岁,山东日照
陈丽华,550.0,女士,83.0,北京,富华,房地产、紫檀博物馆,北京,68,70岁以上,北京
李水荣,550.0,先生,68.0,,荣盛控股,化纤,浙江杭州,68,61-70岁,浙江杭州
张勇,540.0,先生,53.0,,海底捞,餐饮,北京,70,51-60岁,北京
李彦宏,525.0,先生,56.0,邢台,百度,网络信息服务,北京,71,51-60岁,北京
曹仁贤,520.0,先生,56.0,,阳光电源,光伏设备,安徽合肥,72,51-60岁,安徽合肥
刘强东,520.0,先生,50.0,宿迁,京东,电子商务、金融,北京,72,51-60岁,北京
林木勤,510.0,先生,60.0,,东鹏饮料,食品饮料,广东深圳,74,61-70岁,广东深圳
朱义,510.0,先生,61.0,,百利天恒,医药,四川成都,74,61-70岁,四川成都
汪立平,500.0,先生,58.0,无锡,恒立液压,高压油缸,江苏常州,76,51-60岁,江苏常州
许仰天,500.0,先生,40.0,淄博,希音,电商,广东广州,76,41-50岁,广东广州
严昕,500.0,女士,41.0,,苏商,基础设施建设,上海,76,41-50岁,上海
林斌,490.0,先生,56.0,,小米,智能硬件与技术,北京,79,51-60岁,北京
罗立国,490.0,先生,68.0,,合盛,硅材料,浙江宁波,79,61-70岁,浙江宁波
吴亚军,490.0,女士,60.0,重庆,龙湖,房地产,北京,79,61-70岁,北京
裴振华,480.0,先生,,,天华超净,超净产品,江苏苏州,82,,江苏苏州
许世辉,480.0,先生,67.0,,达利食品,食品,福建泉州,82,61-70岁,福建泉州
蔡明兴,460.0,先生,67.0,泉州,富邦,金融服务,台湾台北,84,61-70岁,台湾台北
陈邦,460.0,先生,59.0,长沙,爱尔眼科,医疗服务,湖南长沙,84,51-60岁,湖南长沙
黄楚龙,450.0,先生,65.0,揭阳,星河,房地产、投资,广东深圳,86,61-70岁,广东深圳
李华,450.0,先生,58.0,,卓越,房地产,广东深圳,86,51-60岁,广东深圳
蔡明忠,440.0,先生,68.0,泉州,富邦,金融服务,台湾台北,88,61-70岁,台湾台北
谢青,440.0,先生,,,飞塔,网路安全,美国旧金山,88,,美国旧金山
李天颖,435.0,先生,,香港,新鸿基,房地产,香港,90,,香港
米高·嘉道理,435.0,先生,83.0,,中电,能源,香港,90,70岁以上,香港
陈贤哲,430.0,先生,71.0,,北极星,投资,台湾台北,92,70岁以上,台湾台北
张虔生,430.0,先生,80.0,温州,日月光,工业品、房地产,台湾高雄,92,70岁以上,台湾高雄
虞仁荣,425.0,先生,58.0,,韦尔股份,半导体,上海浦东,94,51-60岁,上海浦东
蔡宏图,420.0,先生,72.0,泉州,霖园,金融服务,台湾台北,95,70岁以上,台湾台北
杨惠妍,420.0,女士,43.0,佛山,碧桂园,投资、房地产、教育,广东佛山,95,41-50岁,广东佛山
沈国军,415.0,先生,62.0,宁波,银泰,零售、房地产、物流,北京,97,61-70岁,北京
宋建波,415.0,先生,54.0,烟台,南山,铝业、纺织、房地产,山东烟台,97,51-60岁,山东烟台
霍斯特·帕德威尔,410.0,先生,79.0,,创科实业,消费品,香港,99,70岁以上,香港
鲁伟鼎,410.0,先生,53.0,,万向,汽车制造业、房地产、农业,浙江杭州,99,51-60岁,浙江杭州
其实,410.0,先生,54.0,上海,东方财富,信息服务,上海徐汇,99,51-60岁,上海徐汇
阮立平,410.0,先生,60.0,,公牛,插座,浙江宁波,99,61-70岁,浙江宁波
方威,405.0,先生,51.0,沈阳,方大,碳素、钢铁、煤焦,北京,103,51-60岁,北京
蒋仁生,405.0,先生,71.0,桂林,智飞生物,疫苗,重庆,103,70岁以上,重庆
阮学平,405.0,先生,52.0,,公牛,插座,浙江宁波,103,51-60岁,浙江宁波
朱孟依,405.0,先生,65.0,梅州,合生创展,房地产、投资,广东广州,103,61-70岁,广东广州
蔡衍明,400.0,先生,67.0,泉州,旺旺,食品和饮料,台湾台北,107,61-70岁,台湾台北
丁世忠,400.0,先生,54.0,,安踏,体育用品,福建厦门,107,51-60岁,福建厦门
赖海民,400.0,先生,58.0,揭阳,鸿荣源,房地产,广东深圳,107,51-60岁,广东深圳
刘伟,400.0,先生,37.0,,米哈游,游戏,上海,107,31-40岁,上海
苏海文,400.0,先生,83.0,,BW,物流,香港,107,70岁以上,香港
王旭宁,395.0,先生,55.0,北京,JS环球生活,小家电,香港,112,51-60岁,香港
谢华,390.0,先生,,,飞塔,网路安全,美国旧金山,113,,美国旧金山
蔡政达,385.0,先生,,泉州,霖园,金融服务,台湾台北,114,,台湾台北
李平,385.0,先生,56.0,,宁德时代,锂电池,福建宁德,114,51-60岁,福建宁德
曾芳勤,380.0,女士,59.0,,领益智造,消费电子精密件,广东江门,116,51-60岁,广东江门
丁世家,380.0,先生,60.0,,安踏,体育用品,福建厦门,116,61-70岁,福建厦门
罗宇皓,380.0,先生,37.0,,米哈游,游戏,上海,116,31-40岁,上海
沈彬,380.0,未知,,江苏苏州,沙钢,钢铁,江苏苏州,116,,江苏苏州
李小冬,375.0,先生,46.0,,冬海集团,网络游戏、电商,新加坡,120,41-50岁,新加坡
谢炳,375.0,先生,72.0,汕头,中生制药,医药,北京,120,70岁以上,北京
高德康,370.0,先生,72.0,苏州,波司登,服装,江苏苏州,122,70岁以上,江苏苏州
马建荣,370.0,先生,59.0,,申洲针织,纺织、服装,浙江宁波,122,51-60岁,浙江宁波
修涞贵,370.0,先生,69.0,,修正药业,医药,吉林长春,122,61-70岁,吉林长春
邬建树,360.0,先生,60.0,,拓普,汽车零部件制造,浙江宁波,125,61-70岁,浙江宁波
陈发树,355.0,先生,63.0,,新华都,医药、零售、投资,福建福州,126,61-70岁,福建福州
黄如论,355.0,先生,73.0,河南,世纪金源,房地产,北京,126,70岁以上,北京
赖梅松,350.0,先生,54.0,,中通,物流,上海青浦,128,51-60岁,上海青浦
汪滔,350.0,先生,44.0,,大疆,无人机,广东深圳,128,41-50岁,广东深圳
张和君,350.0,先生,72.0,,德业股份,电器零部件制造,浙江宁波,128,70岁以上,浙江宁波
朱艳,340.0,先生,53.0,,贝壳,房地产服务,北京,131,51-60岁,北京
陈志列,335.0,先生,61.0,无锡,研祥,特种计算机,广东深圳,132,61-70岁,广东深圳
李想,335.0,先生,43.0,,理想汽车,新能源汽车,北京,132,41-50岁,北京
张忠谋,335.0,先生,93.0,宁波,台积电,半导体,台湾新竹,132,70岁以上,台湾新竹
刘金成,330.0,先生,60.0,,亿纬锂能,锂电池,广东惠州,135,61-70岁,广东惠州
张志祥,330.0,先生,57.0,宁波,建龙,钢铁、矿业、船运,北京,135,51-60岁,北京
李革,325.0,先生,57.0,温州,药明康德,医药,上海浦东,137,51-60岁,上海浦东
林张素娥,325.0,先生,,泉州,联邦,房地产、金融,台湾台北,137,,台湾台北
史玉柱,325.0,先生,62.0,蚌阜,巨人,金融、在线游戏、投资,上海松江,137,61-70岁,上海松江
陈天石,320.0,先生,39.0,,寒武纪,人工智能芯片,北京,140,31-40岁,北京
何小鹏,320.0,先生,47.0,黄石,小鹏汽车,新能源汽车,广东广州,140,41-50岁,广东广州
胡凯军,320.0,先生,62.0,,远大,医药,北京,140,61-70岁,北京
陈金霞,315.0,女士,56.0,上海,涌金投资,医药、投资,上海浦东,143,51-60岁,上海浦东
何超琼,310.0,女士,62.0,澳门,信德、美高梅中国,博彩,香港,144,61-70岁,香港
郭炳联,305.0,先生,72.0,香港,新鸿基,房地产,香港,145,70岁以上,香港
郭基辉,305.0,先生,41.0,香港,新鸿基,房地产,香港,145,41-50岁,香港
施永宏,305.0,先生,54.0,,海底捞,餐饮,北京,145,51-60岁,北京
程雪,300.0,女士,54.0,,海天味业,调味品,广东佛山,148,51-60岁,广东佛山
董建成,300.0,先生,81.0,宁波,东方海外,运输,香港,148,70岁以上,香港
林建华,300.0,先生,62.0,,福斯特,光伏材料,浙江杭州,148,61-70岁,浙江杭州
刘益谦,300.0,先生,61.0,湖北,新理益,投资,上海浦东,148,61-70岁,上海浦东
沈南鹏,300.0,先生,57.0,嘉兴,红杉,投资,北京,148,51-60岁,北京
杨建文,300.0,先生,71.0,香港,伯恩光学,工业产品,香港,148,70岁以上,香港
易峥,300.0,先生,54.0,,同花顺,软件,浙江杭州,148,51-60岁,浙江杭州
陈凯旋,295.0,先生,66.0,揭阳,立白,日化用品,广东广州,155,61-70岁,广东广州
辜仲立,295.0,先生,57.0,,中信金控,金融服务,台湾台北,155,51-60岁,台湾台北
蔡奎,290.0,先生,63.0,重庆,龙湖,房地产,北京,157,61-70岁,北京
蔡志明,290.0,先生,79.0,揭阳,旭日国际,玩具,香港,157,70岁以上,香港
米恩华,290.0,先生,66.0,,华凌工贸,地产、畜牧,新疆乌鲁木齐,157,61-70岁,新疆乌鲁木齐
王健林,290.0,先生,70.0,广元,万达,房地产、文化,北京,157,70岁以上,北京
吴向东,290.0,先生,54.0,,华泽,酒业、投资,北京,157,51-60岁,北京
杨绍鹏,290.0,先生,68.0,青岛,海丰,航运,香港,157,61-70岁,香港
尤小平,290.0,先生,66.0,,华峰,化工、铝业、投资,浙江温州,157,61-70岁,浙江温州
蔡明介,285.0,先生,74.0,,联发科技,半导体,台湾新竹,164,70岁以上,台湾新竹
陈华,285.0,先生,58.0,湛江,京基,房地产、投资,广东深圳,164,51-60岁,广东深圳
郭广昌,285.0,先生,57.0,金华,复星,投资,上海黄浦,164,51-60岁,上海黄浦
赵涛,285.0,先生,58.0,陕西,步长,医药,北京,164,51-60岁,北京
钭正刚,280.0,先生,71.0,,锦江,能源、化工,浙江杭州,168,70岁以上,浙江杭州
李华,280.0,先生,46.0,,富途,金融服务,香港,168,41-50岁,香港
孙广信,280.0,先生,62.0,青岛,广汇,汽车销售、能源、房地产,新疆乌鲁木齐,168,61-70岁,新疆乌鲁木齐
徐旭东,280.0,先生,83.0,南通,远东,金融服务,台湾新北,168,70岁以上,台湾新北
王宁,275.0,先生,37.0,新乡,泡泡玛特,玩具,北京,172,31-40岁,北京
李贤义,270.0,先生,72.0,泉州,信义,玻璃,香港,173,70岁以上,香港
涂辉龙,270.0,先生,65.0,汕尾,海雅,商业、金融、地产,广东深圳,173,61-70岁,广东深圳
朱鼎健,270.0,先生,50.0,潮汕,观澜湖,房地产,广东深圳,173,51-60岁,广东深圳
梁庆德,265.0,先生,87.0,佛山,格兰仕,家电,广东佛山,176,70岁以上,广东佛山
夏佐全,265.0,先生,61.0,襄阳,比亚迪,汽车、充电电池,广东深圳,176,61-70岁,广东深圳
叶澄海,265.0,先生,81.0,梅州,信立泰,医药,广东深圳,176,70岁以上,广东深圳
江南春,260.0,先生,51.0,上海,分众传媒,数字新媒体、投资,上海长宁,179,51-60岁,上海长宁
李振国,260.0,先生,56.0,许昌,隆基,硅材料,陕西西安,179,51-60岁,陕西西安
林陈海,260.0,先生,,,宝佳,房地产,台湾新北,179,,台湾新北
林鸿南,260.0,先生,57.0,泉州,宏泰,投资,台湾台北,179,51-60岁,台湾台北
刘克振,260.0,先生,70.0,,研华,电脑产品,台湾台北,179,70岁以上,台湾台北
张磊,260.0,先生,52.0,,高瓴资本,投资,美国纽约,179,51-60岁,美国纽约
李春安,255.0,先生,56.0,,隆基,硅材料,陕西西安,185,51-60岁,陕西西安
缪汉根,255.0,先生,59.0,苏州,盛虹,印染、化纤、房地产,江苏苏州,185,51-60岁,江苏苏州
叶国富,255.0,先生,47.0,十堰,名创优品,新零售,广东广州,185,41-50岁,广东广州
余竹云,255.0,先生,51.0,衢州,中环新能源,绿色建材、新能源,安徽合肥,185,51-60岁,安徽合肥
喻会蛟,255.0,先生,55.0,,圆通速递,物流,上海青浦,185,51-60岁,上海青浦
周建平,255.0,先生,63.0,无锡,海澜,服装、投资,江苏无锡,185,61-70岁,江苏无锡
曹德旺,250.0,先生,78.0,,福耀玻璃,玻璃,福建福州,191,70岁以上,福建福州
杜江涛,250.0,先生,55.0,内蒙古,君正,煤化工、电力、运输,内蒙古乌海,191,51-60岁,内蒙古乌海
缪寿良,250.0,先生,69.0,梅州,富源,房地产、水电,广东深圳,191,61-70岁,广东深圳
彭铁缆,250.0,先生,,湘西,博深集团,企业服务,湖南长沙,191,,湖南长沙
宋涛,250.0,先生,48.0,,米哈游,游戏,上海,191,41-50岁,上海
严建亚,245.0,先生,58.0,,巨子生物,生物科技,陕西西安,196,51-60岁,陕西西安
袁征,245.0,先生,54.0,山东,zoom,视频软件,美国旧金山,196,51-60岁,美国旧金山
郭金树,240.0,先生,73.0,,汇能,煤炭、路桥、房地产,内蒙古鄂尔多斯,198,70岁以上,内蒙古鄂尔多斯
姜滨,240.0,先生,58.0,山东,歌尔股份,声学及多媒体产品,山东潍坊,198,51-60岁,山东潍坊
许家彰,240.0,先生,,,奇美,化工,台湾台南,198,,台湾台南
姚良松,240.0,先生,60.0,梅州,欧派家居,橱柜,广东广州,198,61-70岁,广东广州
朱共山,240.0,先生,66.0,盐城,协鑫,太阳能芯片、发电厂,香港,198,61-70岁,香港
曹其峰,235.0,先生,78.0,香港,永新,杂货,香港,203,70岁以上,香港
张茵,235.0,女士,67.0,鸡西,玖龙纸业,环保造纸,广东东莞,203,61-70岁,广东东莞
郑崇华,235.0,先生,88.0,南平,台达电子,半导体,台湾台北,203,70岁以上,台湾台北
陈大年,230.0,先生,46.0,绍兴,掌门科技,上网平台,上海浦东,206,41-50岁,上海浦东
廖龙星,230.0,先生,,,长春,化工,台湾台北,206,,台湾台北
林书鸿,230.0,先生,96.0,,长春,化工,台湾台北,206,70岁以上,台湾台北
王麒诚,230.0,先生,44.0,,汉鼎宇佑,文化传媒、投资,浙江杭州,206,41-50岁,浙江杭州
徐波,230.0,先生,47.0,,多益网络,网络游戏,广东广州,206,41-50岁,广东广州
许荣茂,230.0,先生,74.0,泉州,世茂,投资、房地产,上海黄浦,206,70岁以上,上海黄浦
郑正,230.0,先生,,,长春,化工,台湾台北,206,,台湾台北
董经贵,225.0,先生,54.0,,雅迪,电动车,江苏无锡,213,51-60岁,江苏无锡
刘炽平,225.0,先生,51.0,,腾讯,互联网服务,广东深圳,213,51-60岁,广东深圳
茅理翔,225.0,先生,83.0,,方太厨具,厨具,浙江宁波,213,70岁以上,浙江宁波
孙纪木,225.0,先生,68.0,绍兴,新华联合冶金,钢铁,河北沧州,213,61-70岁,河北沧州
吴光明,225.0,先生,62.0,镇江,鱼跃医疗,医疗设备,江苏镇江,213,61-70岁,江苏镇江
尹衍梁,225.0,先生,74.0,日照,润泰,建筑开发、金融保险,台湾台北,213,70岁以上,台湾台北
张红超,225.0,先生,46.0,商丘,蜜雪冰城,餐饮,河南郑州,213,41-50岁,河南郑州
张红甫,225.0,先生,39.0,商丘,蜜雪冰城,餐饮,河南郑州,213,31-40岁,河南郑州
赵燕,225.0,女士,57.0,威海,华熙国际,生物医药、房地产,北京,213,51-60岁,北京
郑坚江,225.0,先生,63.0,,奥克斯,家电、房地产,浙江宁波,213,61-70岁,浙江宁波
朱林瑶,225.0,女士,54.0,,华宝国际,香精香料、烟草,广东深圳,213,51-60岁,广东深圳
蔡镇宇,220.0,先生,71.0,泉州,宝丰隆,金融服务,台湾台北,224,70岁以上,台湾台北
崔根良,220.0,先生,66.0,苏州,亨通,电缆、热能电力、投资,江苏苏州,224,61-70岁,江苏苏州
郭建军,220.0,先生,,,汇能,煤炭、路桥、房地产,内蒙古鄂尔多斯,224,,内蒙古鄂尔多斯
罗才仁,220.0,先生,71.0,泉州,正新橡胶,橡胶,台湾彰化,224,70岁以上,台湾彰化
郭梅兰,215.0,女士,,,东阳光,医药、电子新材料,广东深圳,228,,广东深圳
薛敏,215.0,先生,,,联影医疗,医疗设备,上海嘉定,228,,上海嘉定
赵藤雄,215.0,先生,80.0,,远雄,房地产,台湾台北,228,70岁以上,台湾台北
陈永泰,210.0,先生,88.0,中山,震旦,办公家具、房地产,台湾台北,231,70岁以上,台湾台北
仇建平,210.0,先生,62.0,,巨星科技,工具制造,浙江杭州,231,61-70岁,浙江杭州
马维建,210.0,先生,,,元大,金融服务,台湾台北,231,,台湾台北
郭恩元,205.0,先生,76.0,,普阳钢铁,钢铁、煤化工,河北邯郸,234,70岁以上,河北邯郸
冷友斌,205.0,先生,55.0,,中国飞鹤,乳业,北京,234,51-60岁,北京
宿华,205.0,先生,42.0,,快手科技,传媒娱乐,北京,234,41-50岁,北京
叶刚,205.0,先生,43.0,,冬海集团,网络游戏、电商,新加坡,234,41-50岁,新加坡
张道才,205.0,先生,74.0,,三花控股,工业设备、汽车零部件、房地产,浙江绍兴,234,70岁以上,浙江绍兴
黄柏年,200.0,先生,68.0,福建,外滩中心,房地产,上海,239,61-70岁,上海
倪祖根,200.0,先生,67.0,苏州,莱克电气,小家电,江苏苏州,239,61-70岁,江苏苏州
潘政民,200.0,先生,57.0,江苏,瑞声科技,消费电子精密件,广东深圳,239,51-60岁,广东深圳
彭国远,200.0,先生,38.0,汕尾,心里程,教育、房地产,广东深圳,239,31-40岁,广东深圳
许家印,200.0,先生,66.0,周口,恒大,投资、房地产,广东广州,239,61-70岁,广东广州
杨致远,200.0,先生,56.0,湖北,雅虎,投资,美国,239,51-60岁,美国
张峻,200.0,先生,,,富德,保险,广东深圳,239,,广东深圳
张兴海,200.0,先生,61.0,,小康控股,汽车、汽车零配件,重庆,239,61-70岁,重庆
胡柏藩,195.0,先生,62.0,,新和成,医药,浙江绍兴,247,61-70岁,浙江绍兴
黄光苗,195.0,先生,55.0,汕头,中洲,房地产,广东深圳,247,51-60岁,广东深圳
林敏雄,195.0,女士,74.0,泉州,元利,房地产,台湾台北,247,70岁以上,台湾台北
阮洪良,195.0,先生,63.0,,福莱特,光伏材料,浙江嘉兴,247,61-70岁,浙江嘉兴
王伟修,195.0,先生,74.0,山东,中际旭创,通信设备,山东烟台,247,70岁以上,山东烟台
薛华,195.0,先生,54.0,陕西,海大,饲料,广东广州,247,51-60岁,广东广州
张剑,195.0,先生,55.0,商丘,爱玛,电动自行车,天津,247,51-60岁,天津
周超男,195.0,先生,64.0,,润泽科技,软件与信息技术服务,河北廊坊,247,61-70岁,河北廊坊
曹龙祥,190.0,先生,67.0,,济川控股,医药,江苏泰州,255,61-70岁,江苏泰州
陈泰铭,190.0,先生,68.0,台南,国巨,电子制造、收藏,台湾台北,255,61-70岁,台湾台北
范现国,190.0,先生,64.0,邢台,今麦郎,食品与饮料,河北邢台,255,61-70岁,河北邢台
李赶坡,190.0,先生,75.0,河北,敬业,钢铁,河北石家庄,255,70岁以上,河北石家庄
李义海,190.0,先生,61.0,南昌,济民可信,医药,江西南昌,255,61-70岁,江西南昌
廖汤慧霭,190.0,女士,76.0,香港,纪惠,房地产,香港,255,70岁以上,香港
王正华,190.0,先生,80.0,上海,春秋航空,航空,上海长宁,255,70岁以上,上海长宁
吴以岭,190.0,先生,75.0,衡水,以岭,医药,河北石家庄,255,70岁以上,河北石家庄
项光通,190.0,先生,,,青山控股,钢铁,浙江温州,255,,浙江温州
周晓萍,190.0,女士,63.0,常州,星宇股份,汽车灯具,江苏常州,255,61-70岁,江苏常州
曾小山,185.0,先生,79.0,邵东,曾氏企业,铝业,湖南长沙,265,70岁以上,湖南长沙
陈志平,185.0,先生,48.0,,思摩尔,电子烟,广东深圳,265,41-50岁,广东深圳
傅利泉,185.0,先生,57.0,浙江,大华技术,软件、电子通讯产品,浙江杭州,265,51-60岁,浙江杭州
黄敏利,185.0,先生,59.0,,敏华,休闲沙发,香港,265,51-60岁,香港
黄文仔,185.0,先生,71.0,广州,星河湾,房地产、投资,广东广州,265,70岁以上,广东广州
简军,185.0,女士,61.0,,爱美客,生物制药,北京,265,61-70岁,北京
梁光伟,185.0,先生,61.0,台州,华强,投资,广东深圳,265,61-70岁,广东深圳
谢伟通,185.0,先生,67.0,,华友钴业,有色金属,浙江嘉兴,265,61-70岁,浙江嘉兴
许邦福,185.0,未知,,,华城电机,电子元件,台湾桃园,265,,台湾桃园
张双旺,185.0,先生,81.0,榆林,伊泰,煤炭,内蒙古鄂尔多斯,265,70岁以上,内蒙古鄂尔多斯
张文中,185.0,先生,62.0,山东,物美,零售,北京,265,61-70岁,北京
季琦,180.0,先生,58.0,南通,华住,连锁酒店,上海闵行,276,51-60岁,上海闵行
靳保芳,180.0,先生,72.0,邢台,晶澳科技,光伏,河北邢台,276,70岁以上,河北邢台
李洪信,180.0,先生,71.0,山东,太阳纸业,造纸,山东济宁,276,70岁以上,山东济宁
毛文超,180.0,未知,,,小红书,生活服务平台、电商,上海,276,,上海
王俊民,180.0,先生,56.0,,海思科,医药,西藏山南,276,51-60岁,西藏山南
王树华,180.0,先生,,,冀南钢铁,钢铁,河北邯郸,276,,河北邯郸
翁先定,180.0,先生,63.0,,新产业,医疗器械,广东深圳,276,61-70岁,广东深圳
阎志,180.0,先生,52.0,,卓尔,房地产、投资,湖北武汉,276,51-60岁,湖北武汉
杨卫东,180.0,先生,56.0,,卫星石化,化工,浙江嘉兴,276,51-60岁,浙江嘉兴
张力,180.0,先生,71.0,,富力地产,投资、房地产,广东广州,276,70岁以上,广东广州
张松桥,180.0,先生,60.0,重庆,中渝,投资、房地产,香港,276,61-70岁,香港
周泽荣,180.0,先生,70.0,汕头,侨鑫,房地产、投资,广东广州,276,70岁以上,广东广州
蒋卫平,175.0,先生,69.0,,天齐锂业,锂矿,四川遂宁,288,61-70岁,四川遂宁
潘石屹,175.0,先生,61.0,天水,SOHO中国,投资、房地产,北京,288,61-70岁,北京
唐彬森,175.0,先生,42.0,合肥,元气森林,饮料,北京,288,41-50岁,北京
阳萌,175.0,先生,42.0,,安克,电子商务,湖南长沙,288,41-50岁,湖南长沙
张静章,175.0,先生,87.0,,海天国际,注塑机,浙江宁波,288,70岁以上,浙江宁波
安康,170.0,先生,75.0,,华兰生物,生物制药,河南新乡,293,70岁以上,河南新乡
黄立,170.0,先生,61.0,,高德电气,电子制造,湖北武汉,293,61-70岁,湖北武汉
黄茂如,170.0,先生,59.0,揭阳,茂业,投资、房地产,广东深圳,293,51-60岁,广东深圳
蒋业华,170.0,先生,61.0,重庆,华宇,房地产,重庆,293,61-70岁,重庆
林耀英,170.0,先生,91.0,,大立光,电子元件,台湾台北,293,70岁以上,台湾台北
戚振波,170.0,先生,,,美腕,新零售,上海,293,,上海
钱东奇,170.0,先生,66.0,南京,科沃斯,机器人,江苏苏州,293,61-70岁,江苏苏州
肖永明,170.0,先生,60.0,,藏格矿业,矿产,青海格尔木,293,61-70岁,青海格尔木
邢李㷧,170.0,先生,75.0,香港,思捷环球,投资,香港,293,70岁以上,香港
张帆,170.0,先生,59.0,成都,汇顶科技,半导体芯片,广东深圳,293,51-60岁,广东深圳
张宏伟,170.0,先生,70.0,黑龙江,东方,能源、零售,北京,293,70岁以上,北京
周胜馥,170.0,先生,47.0,,拉拉科技,货运物流,广东深圳,293,41-50岁,广东深圳
邹支农,170.0,先生,56.0,,天孚通信,通信设备,江苏苏州,293,51-60岁,江苏苏州
蔡东晨,165.0,先生,71.0,石家庄,石药,医药,河北石家庄,306,70岁以上,河北石家庄
陈凯臣,165.0,先生,,揭阳,立白,日化用品,广东广州,306,,广东广州
邓伟明,165.0,先生,56.0,,中伟股份,工业产品,湖南长沙,306,51-60岁,湖南长沙
利约翰,165.0,先生,70.0,,中电,能源,香港,306,70岁以上,香港
邵钦祥,165.0,先生,70.0,,花园,工业制造、房地产,浙江金华,306,70岁以上,浙江金华
王华君,165.0,先生,54.0,,裕同包装,包装,广东深圳,306,51-60岁,广东深圳
王文京,165.0,先生,60.0,上饶,用友,软件与信息服务,北京,306,61-70岁,北京
王希成,165.0,先生,76.0,,玲珑轮胎,轮胎,山东烟台,306,70岁以上,山东烟台
吴少勋,165.0,先生,68.0,,劲牌,保健酒,湖北黄石,306,61-70岁,湖北黄石
徐乘,165.0,先生,72.0,台北,徐福记,食品,广东东莞,306,70岁以上,广东东莞
虞锋,165.0,先生,61.0,上海,云锋基金,投资,上海徐汇,306,61-70岁,上海徐汇
张万镇,165.0,先生,75.0,潮州,三环,通信部件、电子元器件,广东潮州,306,70岁以上,广东潮州
陈爱莲,160.0,先生,66.0,绍兴,万丰,智能制造、投资,浙江绍兴,318,61-70岁,浙江绍兴
陈明永,160.0,先生,55.0,达州,OPPO,消费电子产品,广东东莞,318,51-60岁,广东东莞
陈谭庆芬,160.0,先生,,,恒隆,房地产,香港,318,,香港
冯海良,160.0,先生,64.0,,海亮,铜加工、投资,浙江绍兴,318,61-70岁,浙江绍兴
葛卫东,160.0,先生,55.0,,混沌投资,投资,上海浦东,318,51-60岁,上海浦东
梁绍鸿,160.0,先生,72.0,香港,大鸿辉,房地产,香港,318,70岁以上,香港
穆荣均,160.0,先生,44.0,,美团,生活服务,北京,318,41-50岁,北京
彭蕾,160.0,先生,53.0,,阿里系,电子商务、金融科技,浙江杭州,318,51-60岁,浙江杭州
伍步高,160.0,先生,80.0,佛山,永隆,银行业,香港,318,70岁以上,香港
程一笑,155.0,先生,39.0,,快手科技,传媒娱乐,北京,327,31-40岁,北京
李丐腾,155.0,先生,52.0,温州,飞科电器,小家电,上海松江,327,51-60岁,上海松江
林明成,155.0,先生,81.0,,华南金控,金融服务,台湾台北,327,70岁以上,台湾台北
罗家宝,155.0,先生,75.0,,百乐,房地产,香港,327,70岁以上,香港
吴冠江,155.0,先生,56.0,乐山,智飞生物,疫苗,重庆,327,51-60岁,重庆
谢良志,155.0,先生,58.0,,神州,生物制药,北京,327,51-60岁,北京
张荣华,155.0,女士,55.0,天津,荣程,钢铁,天津,327,51-60岁,天津
周鸿祎,155.0,先生,54.0,黄冈,三六零安全科技,网络信息服务,北京,327,51-60岁,北京
蔡东青,150.0,先生,55.0,汕头,奥飞娱乐,动漫,广东汕头,335,51-60岁,广东汕头
黄绍武,150.0,先生,54.0,九江,神州通,投资,广东深圳,335,51-60岁,广东深圳
李留法,150.0,先生,65.0,,天瑞,水泥、铝业,河南平顶山,335,61-70岁,河南平顶山
倪永培,150.0,先生,72.0,六安,迎驾,白酒,安徽六安,335,70岁以上,安徽六安
任元林,150.0,先生,71.0,无锡,扬子江船业,造船,江苏无锡,335,70岁以上,江苏无锡
王水福,150.0,先生,69.0,,西子联合控股,电梯、锅炉、房地产,浙江杭州,335,61-70岁,浙江杭州
魏应州,150.0,先生,70.0,龙岩,顶新,食品和饮料,天津,335,70岁以上,天津
许昆泰,150.0,先生,68.0,,蓝天,消费电子产品,台湾台北,335,61-70岁,台湾台北
张雷,150.0,先生,48.0,,远景能源,风电,江苏无锡,335,41-50岁,江苏无锡
赵丰刚,150.0,先生,58.0,,宁德时代,锂电池,福建宁德,335,51-60岁,福建宁德
池宇峰,145.0,先生,53.0,湖北,完美世界,网游、影视娱乐,北京,345,51-60岁,北京
高纪凡,145.0,先生,59.0,,天合光能,光伏产品,江苏常州,345,51-60岁,江苏常州
李锂,145.0,先生,60.0,眉山,海普瑞,医药,广东深圳,345,61-70岁,广东深圳
李如成,145.0,先生,73.0,,雅戈尔,服装、房地产、投资,浙江宁波,345,70岁以上,浙江宁波
林刚,145.0,先生,60.0,,康哲药业,医药,广东深圳,345,61-70岁,广东深圳
聂腾云,145.0,先生,48.0,,韵达,物流,上海青浦,345,41-50岁,上海青浦
戚金兴,145.0,先生,62.0,,滨江,房地产,浙江杭州,345,61-70岁,浙江杭州
沈炜,145.0,先生,,,VIVO,消费电子产品,广东东莞,345,,广东东莞
侯军呈,140.0,先生,60.0,,珀莱雅,化妆品,浙江杭州,353,61-70岁,浙江杭州
南存辉,140.0,先生,61.0,,正泰,工业电器、投资,浙江温州,353,61-70岁,浙江温州
潘来灿,140.0,先生,,,海天味业,调味品,广东佛山,353,,广东佛山
汪建,140.0,先生,70.0,湖南,华大基因、碳云,基因检测、医疗大数据,广东深圳,353,70岁以上,广东深圳
王燕清,140.0,先生,58.0,无锡,先导智能,自动化设备,江苏无锡,353,51-60岁,江苏无锡
王一鸣,140.0,先生,43.0,,锦浪科技,光伏逆变器,浙江宁波,353,41-50岁,浙江宁波
王长田,140.0,先生,59.0,大连,光线传媒,影视娱乐,北京,353,51-60岁,北京
魏应充,140.0,先生,67.0,龙岩,顶新,食品和饮料,天津,353,61-70岁,天津
魏应交,140.0,先生,69.0,龙岩,顶新,食品和饮料,天津,353,61-70岁,天津
魏应行,140.0,先生,65.0,龙岩,顶新,食品和饮料,天津,353,61-70岁,天津
吴凯,140.0,先生,56.0,,宁德时代,锂电池,福建宁德,353,51-60岁,福建宁德
吴礼淦,140.0,先生,83.0,武汉,沪电股份,印制电路板,上海,353,70岁以上,上海
叶立培,140.0,先生,80.0,上海,仲盛,投资、房地产,上海闵行,353,70岁以上,上海闵行
易大盛,140.0,先生,63.0,,富兴,汽车服务，产业园区,湖南长沙,353,61-70岁,湖南长沙
俞敏洪,140.0,先生,62.0,无锡,新东方,教育,北京,353,61-70岁,北京
周永利,140.0,先生,68.0,,永利,轻纺、房地产、投资,浙江绍兴,353,61-70岁,浙江绍兴
竺兆江,140.0,先生,51.0,,传音,消费电子产品,广东深圳,353,51-60岁,广东深圳
卓志哲,140.0,先生,,,联发科技,半导体,台湾新竹,353,,台湾新竹
邓鸿,135.0,先生,61.0,四川,成都环球世纪,投资、房地产,四川成都,371,61-70岁,四川成都
董凡,135.0,先生,54.0,,健帆生物,生物医疗设备,广东珠海,371,51-60岁,广东珠海
方文雄,135.0,先生,,东莞,协成行,房地产,香港,371,,香港
何猷龙,135.0,先生,48.0,香港,新濠国际,博彩,香港,371,41-50岁,香港
焦佑伦,135.0,先生,66.0,,华新丽华,半导体,台湾台北,371,61-70岁,台湾台北
林秀成,135.0,先生,69.0,泉州市,三安,LED,福建厦门,371,61-70岁,福建厦门
刘卫平,135.0,先生,45.0,湖南,卫龙,食品,河南漯河,371,41-50岁,河南漯河
刘志强,135.0,先生,60.0,广东,香江,房地产、金融,广东深圳,371,61-70岁,广东深圳
沈锡强,135.0,先生,76.0,无锡,雅克科技,化工新材料,江苏无锡,371,70岁以上,江苏无锡
汪建国,135.0,先生,64.0,苏州,五星投资,电子商务、儿童用品连锁,江苏南京,371,61-70岁,江苏南京
王世忠,135.0,先生,,,亚德客,工业机械,台湾台北,371,,台湾台北
伍伟国,135.0,先生,54.0,,美心,餐饮,香港,371,51-60岁,香港
肖安江,135.0,先生,61.0,,五江轻化,钛合金、保温容器,湖南长沙,371,61-70岁,湖南长沙
肖自江,135.0,先生,74.0,,五江轻化,钛合金、保温容器,湖南长沙,371,70岁以上,湖南长沙
许树根,135.0,先生,59.0,,鼎力,机械制造,浙江湖州,371,51-60岁,浙江湖州
袁富根,135.0,先生,74.0,苏州,东山精密,精密铸件,江苏苏州,371,70岁以上,江苏苏州
袁志伦,135.0,先生,60.0,重庆,博赛矿业,矿业,重庆,371,61-70岁,重庆
陈世卿,130.0,先生,75.0,,大立光,电子元件,台湾台北,388,70岁以上,台湾台北
陈一丹,130.0,先生,53.0,深圳,腾讯,互联网服务,广东深圳,388,51-60岁,广东深圳
崔立新,130.0,先生,,,创新集团,有色金属,山东滨州,388,,山东滨州
崔鹏,130.0,先生,47.0,,菲鹏生物,生物科技,广东深圳,388,41-50岁,广东深圳
黄达文,130.0,先生,64.0,,合盛,硅材料,浙江宁波,388,61-70岁,浙江宁波
兰春,130.0,先生,58.0,,新英才,教育、生物医药、房地产、投资,北京,388,51-60岁,北京
李良彬,130.0,先生,57.0,宜春,赣锋锂业,有色金属冶炼加工,江西新余,388,51-60岁,江西新余
李卫国,130.0,先生,59.0,,东方雨虹,防水材料,北京,388,51-60岁,北京
李仙德,130.0,先生,49.0,,晶科能源,太阳能,江西上饶,388,41-50岁,江西上饶
李湘平,130.0,先生,,,东明石化,石油化工,山东菏泽,388,,山东菏泽
梁允超,130.0,先生,55.0,,汤臣倍健,保健品,广东珠海,388,51-60岁,广东珠海
刘革新,130.0,先生,73.0,湖北,科伦药业,制药、医药流通,四川成都,388,70岁以上,四川成都
尚吉永,130.0,先生,56.0,东营,万达控股,轮胎、电缆、化工,山东东营,388,51-60岁,山东东营
苏素玉,130.0,先生,76.0,汕头,联美,房地产、投资,广东汕头,388,70岁以上,广东汕头
王均金,130.0,先生,56.0,,均瑶,房地产、航空、零售,上海徐汇,388,51-60岁,上海徐汇
王秋雄,130.0,先生,81.0,,丰泰,服装,台湾斗六,388,70岁以上,台湾斗六
吴绪顺,130.0,先生,76.0,,三七互娱,网络游戏,广东广州,388,70岁以上,广东广州
谢秉昆,130.0,先生,58.0,,坤彩科技,珠光材料,福建福州,388,51-60岁,福建福州
许冉,130.0,未知,,河南,龙佰,钛白粉,河南焦作,388,,河南焦作
张国炜,130.0,先生,,,星宇航空,航空,台湾台北,388,,台湾台北
周敬良,130.0,先生,74.0,,景田,饮料,广东深圳,388,70岁以上,广东深圳
朱兴明,130.0,先生,57.0,,汇川技术,工业自动化产品,广东深圳,388,51-60岁,广东深圳
蔡华波,125.0,先生,48.0,,江波龙,半导体,广东深圳,410,41-50岁,广东深圳
丁立国,125.0,先生,54.0,任丘,德龙,钢铁、天然气,上海,410,51-60岁,上海
丁雅丽,125.0,先生,,,安踏,体育用品,福建厦门,410,,福建厦门
董伟,125.0,先生,53.0,,恒瑞,医药,江苏连云港,410,51-60岁,江苏连云港
洪锋,125.0,先生,,,小米,智能硬件与技术,北京,410,,北京
雷菊芳,125.0,女士,71.0,,奇正藏药,医药,西藏林芝,410,70岁以上,西藏林芝
李非列,125.0,先生,58.0,梧州,飞尚,有色金属、钢铁、物流,广东深圳,410,51-60岁,广东深圳
李妙行,125.0,先生,,,老干妈,食品,贵州贵阳,410,,贵州贵阳
李伟,125.0,先生,56.0,南阳,千味央厨,食品、房地产,河南郑州,410,51-60岁,河南郑州
梁亮胜,125.0,先生,73.0,,丝宝,日化、投资,香港,410,70岁以上,香港
林聪吉,125.0,未知,,,川湖科技,五金配件,台湾高雄,410,,台湾高雄
吕慧,125.0,先生,75.0,,嘉鑫,钢铁、铁矿石进出口、房地产,香港,410,70岁以上,香港
邱光和,125.0,先生,73.0,,森马,服装,浙江温州,410,70岁以上,浙江温州
任正非,125.0,先生,80.0,安顺,华为,消费电子、电讯,广东深圳,410,70岁以上,广东深圳
唐金奎,125.0,先生,69.0,苏州,盛虹,印染、化纤、房地产,江苏苏州,410,61-70岁,江苏苏州
徐新,125.0,先生,58.0,,今日资本,投资,上海浦东,410,51-60岁,上海浦东
许景南,125.0,先生,69.0,,匹克,体育用品,福建泉州,410,61-70岁,福建泉州
闫希军,125.0,先生,71.0,天津,天士力,医药,天津,410,70岁以上,天津
严陈莉莲,125.0,女士,59.0,,裕隆,汽车销售,台湾新北,410,51-60岁,台湾新北
俞发祥,125.0,先生,53.0,,祥源控股,基础设施建设、房地产,浙江绍兴,410,51-60岁,浙江绍兴
袁志敏,125.0,先生,63.0,,金发科技,化工塑料,广东广州,410,61-70岁,广东广州
张洪本,125.0,先生,78.0,温州,日月光,工业品、房地产,台湾高雄,410,70岁以上,台湾高雄
赵立新,125.0,先生,58.0,北京,格科微,CMOS图像传感器,上海,410,51-60岁,上海
龚俊龙,120.0,先生,65.0,汕尾,恒裕,房地产、投资,广东深圳,433,61-70岁,广东深圳
黄江吉,120.0,先生,,,小米,智能硬件与技术,北京,433,,北京
黄毅,120.0,先生,61.0,,中升控股,汽车销售,辽宁大连,433,61-70岁,辽宁大连
金惠明,120.0,先生,71.0,上海,大华,房地产,上海宝山,433,70岁以上,上海宝山
赖建法,120.0,先生,55.0,,中通,快递,上海青浦,433,51-60岁,上海青浦
黎万强,120.0,先生,47.0,,小米,智能硬件与技术,北京,433,41-50岁,北京
李贵山,120.0,先生,,,老干妈,食品,贵州贵阳,433,,贵州贵阳
刘锋,120.0,先生,54.0,禹城,永锋,钢铁,山东济南,433,51-60岁,山东济南
陆地,120.0,先生,,,大疆,无人机,广东深圳,433,,广东深圳
孟庆山,120.0,先生,76.0,河北,梅花,食用调味品,河北廊坊,433,70岁以上,河北廊坊
瞿芳,120.0,未知,,,小红书,生活服务平台、电商,上海,433,,上海
王瀚,120.0,先生,37.0,,均瑶,房地产、航空、零售,上海徐汇,433,31-40岁,上海徐汇
王林祥,120.0,先生,73.0,包头,鄂尔多斯,羊绒、煤电、冶金、房地产,内蒙古鄂尔多斯,433,70岁以上,内蒙古鄂尔多斯
温鹏程,120.0,先生,62.0,,温氏食品,家禽养殖畜牧,广东云浮,433,61-70岁,广东云浮
徐金富,120.0,先生,60.0,广州,天赐材料,化学原料制品,广东广州,433,61-70岁,广东广州
徐宇,120.0,先生,52.0,,赫基国际,服装,广东广州,433,51-60岁,广东广州
徐振华,120.0,先生,45.0,上海,沐瞳科技,游戏,上海,433,41-50岁,上海
杨雪岗,120.0,先生,59.0,邢台,旭阳,煤炭、化工,北京,433,51-60岁,北京
叶国一,120.0,先生,83.0,,英业达,电脑产品,台湾台北,433,70岁以上,台湾台北
周耀庭,120.0,先生,81.0,无锡,红豆,服装、橡胶轮胎、房地产,江苏无锡,433,70岁以上,江苏无锡
祝文宇,120.0,未知,,,爱山林,房地产,台湾台北,433,,台湾台北
陈琼香,115.0,先生,,,宁德时代,锂电池,福建宁德,454,,福建宁德
方洪波,115.0,先生,57.0,,美的,家电制造,广东佛山,454,51-60岁,广东佛山
洪杰,115.0,先生,57.0,,三棵树,涂料,福建莆田,454,51-60岁,福建莆田
胡荣达,115.0,先生,65.0,,三美化工,化工,浙江金华,454,61-70岁,浙江金华
黄联禧,115.0,先生,61.0,佛山,联塑,建材家居,广东佛山,454,61-70岁,广东佛山
黄山,115.0,先生,54.0,,财富趋势,金融软件,广东深圳,454,51-60岁,广东深圳
黄世再,115.0,先生,73.0,揭阳,大中华地产,房地产,广东深圳,454,70岁以上,广东深圳
姜银台,115.0,先生,74.0,,岱美股份,汽车内饰,上海浦东,454,70岁以上,上海浦东
赖建平,115.0,先生,,,海天味业,调味品,广东佛山,454,,广东佛山
吕义雄,115.0,先生,47.0,汕头,上美,化妆品,上海,454,41-50岁,上海
马秀慧,115.0,先生,53.0,,欧普照明,节能灯,上海闵行,454,51-60岁,上海闵行
齐向东,115.0,先生,59.0,,奇安信,网络安全,北京,454,51-60岁,北京
邱文生,115.0,先生,,,华勤技术,消费电子,上海浦东,454,,上海浦东
任道德,115.0,先生,64.0,,泰康,保险,北京,454,61-70岁,北京
吴映明,115.0,先生,57.0,,宁德时代,锂电池,福建宁德,454,51-60岁,福建宁德
俞熔,115.0,先生,53.0,,美年健康,医疗服务,上海静安,454,51-60岁,上海静安
袁江涛,115.0,先生,,,嘉立创,半导体,广东深圳,454,,广东深圳
曾万辉,110.0,先生,56.0,,景嘉微,电子器件制造,湖南长沙,471,51-60岁,湖南长沙
何著胜,110.0,先生,77.0,,后英,耐火材料、钢铁、矿业,辽宁鞍山,471,70岁以上,辽宁鞍山
贺正刚,110.0,先生,70.0,,和邦股份,矿产、化工,四川乐山,471,70岁以上,四川乐山
胡兴荣,110.0,先生,43.0,温州,多弗,贸易、房地产,北京,471,41-50岁,北京
李力,110.0,先生,59.0,,爱尔眼科,医疗服务,湖南长沙,471,51-60岁,湖南长沙
李明,110.0,先生,56.0,宝鸡,亚特,投资、有色金属,甘肃陇南,471,51-60岁,甘肃陇南
刘洪林,110.0,先生,73.0,无锡,三木,化工、铜加工、电线电缆,江苏无锡,471,70岁以上,江苏无锡
梅志明,110.0,先生,52.0,,普洛斯,物流地产、投资,上海浦东,471,51-60岁,上海浦东
汪顾亦珍,110.0,先生,107.0,江苏,德昌电机,工业产品,香港,471,,香港
王剑峰,110.0,先生,54.0,,均胜投资,汽车零部件制造,浙江宁波,471,51-60岁,浙江宁波
王文默,110.0,先生,68.0,,安踏,体育用品,福建厦门,471,61-70岁,福建厦门
吴尚志,110.0,先生,74.0,北京,鼎晖,投资,北京,471,70岁以上,北京
项光明,110.0,先生,61.0,,伟明环保,垃圾发电,浙江温州,471,61-70岁,浙江温州
许晨晔,110.0,先生,53.0,,腾讯,互联网服务,广东深圳,471,51-60岁,广东深圳
许英灼,110.0,先生,59.0,潮汕,海大,饲料,广东广州,471,51-60岁,广东广州
严健军,110.0,先生,59.0,宁波,致达,信息、金融、投资,上海静安,471,51-60岁,上海静安
姚奎章,110.0,先生,59.0,,养元饮品,饮料,河北衡水,471,51-60岁,河北衡水
郁国祥,110.0,先生,54.0,,乐游科技,投资,上海,471,51-60岁,上海
张宁,110.0,女士,50.0,,彤程新材,化工原料,上海浦东,471,51-60岁,上海浦东
章小华,110.0,先生,56.0,,红狮控股,水泥,浙江金华,471,51-60岁,浙江金华
赵绪龙,110.0,未知,,内蒙古赤峰,迈富时,SaaS解决方案,上海静安,471,,上海静安
郑春颖,110.0,先生,,,伽蓝,化妆品,上海,471,,上海
周宗文,110.0,先生,67.0,,周大生,珠宝,广东深圳,471,61-70岁,广东深圳
蔡镇球,105.0,先生,59.0,泉州,霖园,金融服务,台湾台北,494,51-60岁,台湾台北
昌敬,105.0,先生,42.0,,石头科技,智能机器人,北京,494,41-50岁,北京
陈先保,105.0,先生,65.0,,华泰,农副食品加工业,安徽合肥,494,61-70岁,安徽合肥
成正辉,105.0,先生,60.0,,惠泰医疗,医疗器械,广东深圳,494,61-70岁,广东深圳
董才平,105.0,先生,61.0,常州,中天钢铁,钢铁、投资,江苏常州,494,61-70岁,江苏常州
甘忠如,105.0,先生,76.0,,甘李药业,生物制药,北京,494,70岁以上,北京
何旗,105.0,先生,42.0,,均和,钢铁贸易,上海浦东,494,41-50岁,上海浦东
黄巧灵,105.0,先生,66.0,,宋城,旅游、房地产,浙江杭州,494,61-70岁,浙江杭州
柯尊洪,105.0,先生,70.0,雅安,康弘药业,制药,四川成都,494,70岁以上,四川成都
陆昂,105.0,女士,61.0,,嘉德,投资、拍卖,北京,494,61-70岁,北京
罗智先,105.0,先生,68.0,,统一,食品和饮料,台湾台南,494,61-70岁,台湾台南
蒲忠杰,105.0,先生,61.0,,乐普,医疗设备,北京,494,61-70岁,北京
王明旺,105.0,先生,57.0,广东,欣旺达,电子部件,广东深圳,494,51-60岁,广东深圳
王维,105.0,先生,43.0,上海,行云集团,企业服务,广东深圳,494,41-50岁,广东深圳
王雪红,105.0,先生,66.0,新北,宏达,半导体,台湾桃园,494,61-70岁,台湾桃园
许连捷,105.0,先生,71.0,,恒安,个人护理用品,福建泉州,494,70岁以上,福建泉州
薛向东,105.0,先生,65.0,泰安,东华软件,软件与信息服务,北京,494,61-70岁,北京
叶小平,105.0,先生,61.0,,泰格医药,医药,浙江杭州,494,61-70岁,浙江杭州
余凯,105.0,先生,,,地平线,智能芯片,北京,494,,北京
袁仲雪,105.0,先生,69.0,,赛轮轮胎,轮胎,山东青岛,494,61-70岁,山东青岛
张邦鑫,105.0,先生,44.0,,好未来,教育,北京,494,41-50岁,北京
张传卫,105.0,先生,62.0,信阳,明阳智能,新能源,广东中山,494,61-70岁,广东中山
张毓强,105.0,先生,69.0,,振石控股,房地产、矿产,浙江嘉兴,494,61-70岁,浙江嘉兴
陈康平,100.0,先生,51.0,,晶科能源,太阳能,江西上饶,517,51-60岁,江西上饶
程维,100.0,先生,41.0,,滴滴出行,生活服务平台,北京,517,41-50岁,北京
邓耀,100.0,先生,90.0,香港,百丽,服装与配饰,香港,517,70岁以上,香港
段永平,100.0,先生,63.0,吉安,步步高,投资,美国,517,61-70岁,美国
顾伟,100.0,先生,59.0,,兆驰股份,消费电子产品,广东深圳,517,51-60岁,广东深圳
胡应湘,100.0,先生,89.0,香港,合和实业,房地产、建筑工程,香港,517,70岁以上,香港
黄宏生,100.0,先生,68.0,,创维,家用电器,广东深圳,517,61-70岁,广东深圳
李国宝,100.0,先生,85.0,,东亚银行,银行业,香港,517,70岁以上,香港
李家权,100.0,先生,61.0,,龙蟒,钛白粉、磷化工,四川成都,517,61-70岁,四川成都
李建全,100.0,先生,67.0,,稳健医疗,医疗用品,广东深圳,517,61-70岁,广东深圳
李金阳,100.0,女士,,,赤峰黄金,金矿,内蒙古赤峰,517,,内蒙古赤峰
李宁,100.0,先生,61.0,佛山,李宁,体育用品、投资,北京,517,61-70岁,北京
李仲初,100.0,先生,61.0,,石基,软件与信息服务,北京,517,61-70岁,北京
励民,100.0,先生,59.0,,瑞芯微,集成电路,福建福州,517,51-60岁,福建福州
林定强,100.0,先生,58.0,福州,金辉,房地产,北京,517,51-60岁,北京
刘方毅,100.0,先生,54.0,,英科医疗,医疗器械,山东淄博,517,51-60岁,山东淄博
秦龙,100.0,先生,59.0,,森麒麟,轮胎,山东青岛,517,51-60岁,山东青岛
饶微,100.0,先生,60.0,,新产业,医疗器械,广东深圳,517,61-70岁,广东深圳
邵根伙,100.0,先生,59.0,金华,大北农,饲料、种业,北京,517,51-60岁,北京
施文博,100.0,先生,74.0,,恒安,个人护理用品,福建泉州,517,70岁以上,福建泉州
孙孟全,100.0,先生,74.0,烟台,鲁花,食用油,山东烟台,517,70岁以上,山东烟台
唐修国,100.0,先生,61.0,,三一,重型机械,北京,517,61-70岁,北京
田明,100.0,先生,71.0,,美亚光电,专用设备制造业,安徽合肥,517,70岁以上,安徽合肥
万隆,100.0,先生,84.0,,双汇,食品,河南郑州,517,70岁以上,河南郑州
汪林朋,100.0,先生,55.0,,居然之家,家居建材,北京,517,51-60岁,北京
吴东进,100.0,先生,79.0,新竹,新光,金融、医院,台湾台北,517,70岁以上,台湾台北
谢嘉,100.0,先生,,,大疆,无人机,广东深圳,517,,广东深圳
杨冰,100.0,先生,39.0,江西,得物,电商,上海,517,31-40岁,上海
应书岭,100.0,先生,43.0,上海,英雄互娱,电竞游戏,北京,517,41-50岁,北京
张恭运,100.0,先生,61.0,山东,豪迈科技,机械制造,山东潍坊,517,61-70岁,山东潍坊
张克强,100.0,先生,64.0,,华美国际,投资、房地产,广东广州,517,61-70岁,广东广州
张立国,100.0,先生,60.0,,敷尔佳,护肤品,黑龙江哈尔滨,517,61-70岁,黑龙江哈尔滨
张永平,100.0,先生,63.0,,秀水街,房地产,北京,517,61-70岁,北京
周剑,100.0,先生,48.0,,优必选,机器人,广东深圳,517,41-50岁,广东深圳
陈得福,95.0,先生,76.0,福建,仙妮雷德,医疗保健,美国洛杉矶,551,70岁以上,美国洛杉矶
范秀莲,95.0,先生,61.0,,海思科,医药,西藏山南,551,61-70岁,西藏山南
何涛,95.0,先生,44.0,,圆心科技,互联网医院,北京,551,41-50岁,北京
焦震,95.0,先生,58.0,,鼎晖,投资,北京,551,51-60岁,北京
金磊,95.0,先生,70.0,,佰仁医疗,医疗器械,北京,551,70岁以上,北京
李晓明,95.0,先生,66.0,,恩捷股份,包装盒生产,云南玉溪,551,61-70岁,云南玉溪
梁丰,95.0,先生,56.0,,璞泰来,锂电池材料,上海浦东,551,51-60岁,上海浦东
林来嵘,95.0,先生,56.0,,众兴,矿业,天津,551,51-60岁,天津
罗秋平,95.0,先生,61.0,,蓝月亮,日化用品,广东广州,551,61-70岁,广东广州
彭永鹤,95.0,先生,55.0,,新瑞鹏,宠物医院,广东深圳,551,51-60岁,广东深圳
乔志涌,95.0,先生,60.0,,侨源股份,液态气体,四川成都,551,61-70岁,四川成都
荣智健,95.0,先生,82.0,无锡,中信泰富,投资、房地产,香港,551,70岁以上,香港
苏纯兴,95.0,先生,,台湾,和泰汽车,汽车零售,台湾台北,551,,台湾台北
王恒,95.0,先生,76.0,,金鹰,零售、房地产,江苏南京,551,70岁以上,江苏南京
王均豪,95.0,先生,52.0,温州,均瑶,房地产、航空、零售,上海徐汇,551,51-60岁,上海徐汇
王振华,95.0,先生,62.0,江苏,新城,房地产,上海普陀,551,61-70岁,上海普陀
吴东亮,95.0,先生,,新竹,新光,金融,台湾台北,551,,台湾台北
吴忌寒,95.0,先生,38.0,,比特小鹿,芯片、矿机,新加坡,551,31-40岁,新加坡
吴美蓉,95.0,先生,64.0,扬中,美科股份,太阳能设备,上海,551,61-70岁,上海
谢菊华,95.0,先生,73.0,,健友股份,原料药,江苏南京,551,70岁以上,江苏南京
许达来,95.0,先生,53.0,,小米,智能硬件与技术、投资,北京,551,51-60岁,北京
杨霞,95.0,女士,50.0,,锦波,生物医药,山西太原,551,51-60岁,山西太原
昝圣达,95.0,先生,61.0,南通,综艺,新能源、信息科技、投资,江苏南通,551,61-70岁,江苏南通
张世龙,95.0,先生,58.0,,圣邦,模拟芯片,北京,551,51-60岁,北京
周镇科,95.0,先生,49.0,汕头,大晟文化,文化娱乐,广东深圳,551,41-50岁,广东深圳
曾繁城,90.0,先生,,,台积电,半导体,台湾新竹,576,,台湾新竹
常建鸣,90.0,先生,59.0,,鸣志电器,控制电机,上海闵行,576,51-60岁,上海闵行
陈士良,90.0,先生,61.0,,桐昆,化纤、房地产,浙江嘉兴,576,61-70岁,浙江嘉兴
陈涛,90.0,先生,52.0,陇南,胜宏科技,高密度印制电路板,广东惠州,576,51-60岁,广东惠州
陈智松,90.0,先生,58.0,,亿联网络,通信,福建厦门,576,51-60岁,福建厦门
陈卓林,90.0,先生,62.0,中山,雅居乐,投资、房地产,广东广州,576,61-70岁,广东广州
邓文,90.0,先生,56.0,,天味食品,食品,四川成都,576,51-60岁,四川成都
丁会,90.0,先生,,,嘉立创,半导体,广东深圳,576,,广东深圳
丁会响,90.0,先生,,,嘉立创,半导体,广东深圳,576,,广东深圳
董增平,90.0,先生,54.0,,思源电气,输配电设备,上海闵行,576,51-60岁,上海闵行
傅光明,90.0,先生,70.0,,圣农,农业,福建南平,576,70岁以上,福建南平
高云峰,90.0,先生,57.0,吉林,大族激光,激光设备,广东深圳,576,51-60岁,广东深圳
何祖训,90.0,先生,59.0,曲靖,神农集团,畜牧,云南昆明,576,51-60岁,云南昆明
黄建勲,90.0,先生,59.0,,联泰,基础建设、房地产,广东汕头,576,51-60岁,广东汕头
黄民奇,90.0,先生,72.0,,汉辰科技,半导体,台湾台北,576,70岁以上,台湾台北
黄小芬,90.0,女士,61.0,深圳,景旺电子,印刷电路板,广东深圳,576,61-70岁,广东深圳
赖苗,90.0,先生,,,景田,饮料,广东深圳,576,,广东深圳
李琼,90.0,先生,47.0,,昆仑万维,互联网游戏、投资,北京,576,41-50岁,北京
利蕴莲,90.0,先生,70.0,香港,希慎兴业,房地产,香港,576,70岁以上,香港
刘銮鸿,90.0,先生,71.0,潮州,利福国际,房地产,香港,576,70岁以上,香港
刘振东,90.0,先生,53.0,,联东,房地产,北京,576,51-60岁,北京
陆兆禧,90.0,先生,55.0,,阿里系,电子商务、金融科技,浙江杭州,576,51-60岁,浙江杭州
罗嘉瑞,90.0,先生,71.0,汕头,鹰君,房地产,香港,576,70岁以上,香港
牛宜顺,90.0,先生,69.0,,华勤,轮胎、输送带、电力,山东济宁,576,61-70岁,山东济宁
潘刚,90.0,先生,54.0,锡林郭勒盟,伊利,乳制品,内蒙古呼和浩特,576,51-60岁,内蒙古呼和浩特
秦华,90.0,先生,56.0,,乖宝宠物,宠物食品,山东聊城,576,51-60岁,山东聊城
任建华,90.0,先生,67.0,,老板电器,家用电器,浙江杭州,576,61-70岁,浙江杭州
沈亚,90.0,先生,53.0,,唯品会,新零售,广东广州,576,51-60岁,广东广州
史英文,90.0,先生,59.0,上海,荣和,房地产,广西南宁,576,51-60岁,广西南宁
苏志刚,90.0,先生,66.0,,长隆,旅游,广东广州,576,61-70岁,广东广州
王文杉,90.0,先生,54.0,金华,联合报业,传媒,台湾台北,576,51-60岁,台湾台北
吴志刚,90.0,先生,89.0,,桃李面包,食品,辽宁沈阳,576,70岁以上,辽宁沈阳
夏崇耀,90.0,先生,65.0,,东方电缆,电缆,浙江宁波,576,61-70岁,浙江宁波
向文波,90.0,先生,62.0,,三一,重型机械,北京,576,61-70岁,北京
张建国,90.0,先生,61.0,淄博,九丰能源,能源,广东广州,576,61-70岁,广东广州
钟乃雄,90.0,先生,61.0,,能兴,房地产、投资,广东佛山,576,61-70岁,广东佛山
钟英武,90.0,先生,39.0,,趣加科技,游戏,北京,576,31-40岁,北京
朱世会,90.0,先生,57.0,,先导科技,稀散金属,广东广州,576,51-60岁,广东广州
卓军,90.0,女士,,香港,景旺电子,印刷电路板,广东深圳,576,,广东深圳
毛中吾,88.0,先生,62.0,,三一,重型机械,北京,615,61-70岁,北京
洪浩,86.0,先生,68.0,,凯莱英,医药,天津,616,61-70岁,天津
周亚辉,86.0,先生,47.0,云南,昆仑万维,互联网游戏、投资,北京,616,41-50岁,北京
鲍洪星,85.0,先生,60.0,,双胞胎,畜牧,江西南昌,618,61-70岁,江西南昌
蔡海山,85.0,先生,46.0,,联邦制药,医药,香港,618,41-50岁,香港
蔡其瑞,85.0,先生,73.0,台湾,宝成,服装,台湾台中,618,70岁以上,台湾台中
陈湖文,85.0,先生,54.0,汕头 ,晨光,文具用品制造,上海松江,618,51-60岁,上海松江
陈湖雄,85.0,先生,54.0,汕头 ,晨光,文具用品制造,上海奉贤,618,51-60岁,上海奉贤
陈士斌,85.0,先生,58.0,连云港,石英股份,石英制品,江苏连云港,618,51-60岁,江苏连云港
陈仕荣,85.0,先生,,台湾,丰泰,鞋业,台湾斗六,618,,台湾斗六
程立力,85.0,先生,59.0,,立华股份,畜牧,江苏常州,618,51-60岁,江苏常州
杜锦豪,85.0,先生,70.0,,艾力斯,医药,上海,618,70岁以上,上海
何志平,85.0,先生,59.0,,华建,投资,广东深圳,618,51-60岁,广东深圳
黄子欣,85.0,先生,75.0,香港,伟易达,消费电子产品,香港,618,70岁以上,香港
寇晓康,85.0,先生,57.0,,蓝晓科技,新材料,陕西西安,618,51-60岁,陕西西安
梁安琪,85.0,女士,63.0,佛山,澳博,博彩,香港,618,61-70岁,香港
梁勤,85.0,先生,53.0,扬州,扬杰科技,半导体,江苏扬州,618,51-60岁,江苏扬州
凌斌,85.0,先生,56.0,,康冠科技,电子器件制造,广东深圳,618,51-60岁,广东深圳
陆风,85.0,先生,56.0,,万得资讯,数据服务,上海浦东,618,51-60岁,上海浦东
罗乐风,85.0,先生,,,晶苑国际,服装,香港,618,,香港
秦荣华,85.0,先生,66.0,,敏实,汽车零部件,浙江宁波,618,61-70岁,浙江宁波
荣智权,85.0,未知,,,上海商银,银行业,台湾台北,618,,台湾台北
束崇万,85.0,先生,70.0,,创见信息,半导体,台湾台北,618,70岁以上,台湾台北
宋飞,85.0,先生,58.0,,艾迪精密,机械制造,山东烟台,618,51-60岁,山东烟台
孙惠刚,85.0,先生,,,万华化学,投资,山东烟台,618,,山东烟台
童锦泉,85.0,先生,69.0,绍兴,长峰房地产,房地产,上海长宁,618,61-70岁,上海长宁
王硕,85.0,先生,34.0,,Deel,企业服务,美国旧金山,618,31-40岁,美国旧金山
魏学专,85.0,先生,71.0,,汇丰石化,化工,山东淄博,618,70岁以上,山东淄博
夏鼎湖,85.0,先生,80.0,,中鼎,汽车零部件,安徽宣城,618,70岁以上,安徽宣城
徐广福,85.0,先生,,,大全,电气设备制造、太阳能,江苏镇江,618,,江苏镇江
叶琼玖,85.0,先生,70.0,,同花顺,软件,浙江杭州,618,70岁以上,浙江杭州
俞浩,85.0,先生,37.0,,追觅科技,智能家电,江苏苏州,618,31-40岁,江苏苏州
张国涛,85.0,先生,39.0,河南,迪阿,珠宝首饰,广东深圳,618,31-40岁,广东深圳
张积敏,85.0,先生,61.0,,青山控股,钢铁,浙江温州,618,61-70岁,浙江温州
张涛,85.0,先生,52.0,上海,美团,生活服务,北京,618,51-60岁,北京
张兴礼,85.0,先生,67.0,,小康控股,汽车、汽车零配件,重庆,618,61-70岁,重庆
张兴明,85.0,先生,67.0,,小康控股,汽车、汽车零配件,重庆,618,61-70岁,重庆
赵宗信,85.0,未知,,,健策,电子元件,台湾桃园,618,,台湾桃园
孙宏斌,83.0,先生,61.0,山西,融创,房地产,天津,653,61-70岁,天津
王吉雷,83.0,先生,59.0,,中通,快递,上海青浦,653,51-60岁,上海青浦
赵永昌,83.0,未知,,,健策,电子元件,台湾桃园,653,,台湾桃园
曾开天,80.0,先生,,,三七互娱,网络游戏,广东广州,656,,广东广州
陈德军,80.0,先生,54.0,杭州,申通快递,物流,上海青浦,656,51-60岁,上海青浦
陈建成,80.0,先生,65.0,,卧龙控股,电气设备、房地产,浙江绍兴,656,61-70岁,浙江绍兴
陈文源,80.0,先生,56.0,,华兴源创,设备制造,江苏苏州,656,51-60岁,江苏苏州
成三荣,80.0,先生,61.0,,沪光股份,汽车配件,江苏苏州,656,61-70岁,江苏苏州
高兴江,80.0,先生,61.0,,永兴特钢,不锈钢,浙江湖州,656,61-70岁,浙江湖州
洪水树,80.0,先生,65.0,台南,可成科技,设备制造,台湾台南,656,61-70岁,台湾台南
胡扬忠,80.0,先生,59.0,,海康威视,视频监控产品,浙江杭州,656,51-60岁,浙江杭州
江南,80.0,先生,61.0,,圣丰,房地产、工业制造,广东广州,656,61-70岁,广东广州
井贤栋,80.0,先生,52.0,,阿里系,电子商务、金融科技,浙江杭州,656,51-60岁,浙江杭州
李斌,80.0,先生,50.0,,蔚来、易车,电动车,上海嘉定,656,51-60岁,上海嘉定
李东生,80.0,先生,67.0,揭阳,TCL,家用电器及半导体产品,广东惠州,656,61-70岁,广东惠州
李国库,80.0,先生,,,千喜鹤,餐饮,北京,656,,北京
李国庆,80.0,先生,54.0,,荣盛控股,化纤,浙江杭州,656,51-60岁,浙江杭州
李卫伟,80.0,先生,47.0,,三七互娱,网络游戏,广东广州,656,41-50岁,广东广州
李永庆,80.0,先生,60.0,,荣盛控股,化纤,浙江杭州,656,61-70岁,浙江杭州
梁信军,80.0,先生,56.0,台州,-,投资,上海,656,51-60岁,上海
刘程宇,80.0,先生,62.0,,科士达,电力设备,广东深圳,656,61-70岁,广东深圳
刘天文,80.0,先生,61.0,,软通动力,软件与信息服务,北京,656,61-70岁,北京
刘晓东,80.0,先生,57.0,,百润,香料、酒业,上海浦东,656,51-60岁,上海浦东
龙大强,80.0,先生,,,中润光能,光伏电池,江苏徐州,656,,江苏徐州
罗阳勇,80.0,先生,49.0,,安宁股份,钒钛磁铁矿,四川攀枝花,656,41-50岁,四川攀枝花
阮水龙,80.0,先生,89.0,,龙盛,化工、钢铁,浙江绍兴,656,70岁以上,浙江绍兴
沈华,80.0,先生,61.0,,斯达半导,半导体,浙江嘉兴,656,61-70岁,浙江嘉兴
盛百椒,80.0,先生,72.0,宁波,百丽,鞋业,广东深圳,656,70岁以上,广东深圳
施崇棠,80.0,先生,72.0,,华硕,电脑产品,台湾台北,656,70岁以上,台湾台北
苏庆灿,80.0,先生,55.0,,华厦眼科,医疗服务,福建厦门,656,51-60岁,福建厦门
孙怀庆,80.0,先生,55.0,重庆,丸美,化妆品,广东广州,656,51-60岁,广东广州
孙清焕,80.0,先生,51.0,,木林森,光学光电,广东中山,656,51-60岁,广东中山
孙喜双,80.0,先生,71.0,吉林,一方,房地产、投资,北京,656,70岁以上,北京
孙勇坚,80.0,先生,58.0,,宝矿,地产、贸易,上海闸北,656,51-60岁,上海闸北
唐敖齐,80.0,先生,79.0,,新泉股份,汽车配饰,江苏常州,656,70岁以上,江苏常州
陶悦群,80.0,先生,64.0,,欧普康视,医疗器械制造、销售,安徽合肥,656,61-70岁,安徽合肥
汪力成,80.0,先生,64.0,,华立,医药、投资,浙江杭州,656,61-70岁,浙江杭州
王仕锐,80.0,先生,37.0,,医联,医疗服务,四川成都,656,31-40岁,四川成都
王文渊,80.0,先生,77.0,,台塑,化工,台湾高雄,656,70岁以上,台湾高雄
肖日明,80.0,先生,88.0,,华明装备,电力设备,上海,656,70岁以上,上海
许江南,80.0,先生,62.0,,天新药业,医药,江西景德镇,656,61-70岁,江西景德镇
许庆奎,80.0,先生,,,九羊,钢铁、冶金、机械,山东莱芜,656,,山东莱芜
许月娟,80.0,先生,,,荣盛控股,化纤,浙江杭州,656,,浙江杭州
杨元庆,80.0,先生,60.0,舟山,联想,计算机服务、投资,北京,656,61-70岁,北京
杨长基,80.0,先生,,,金像电子,消费电子产品,台湾桃园,656,,台湾桃园
叶德林,80.0,先生,56.0,佛山,新明珠,建筑陶瓷,广东佛山,656,51-60岁,广东佛山
钟德礼,80.0,未知,,,来亿兴业,鞋业,台湾台中,656,,台湾台中
周庆治,80.0,先生,69.0,,南都,电池、投资,上海浦东,656,61-70岁,上海浦东
欧雷强,78.0,先生,56.0,,百济神州,医药,北京,701,51-60岁,北京
周志文,77.0,先生,59.0,,昭衍新药,生物医药,北京,702,51-60岁,北京
苗拥军,76.0,先生,57.0,郑州,安图生物,医药制造业,河南郑州,703,51-60岁,河南郑州
曹德风,75.0,先生,79.0,,佳格,食品和饮料,台湾台北,704,70岁以上,台湾台北
曾继疆,75.0,先生,62.0,,宏达电子,电子器件制造,湖南株洲,704,61-70岁,湖南株洲
陈慧慧,75.0,女士,65.0,香港,南丰,房地产,香港,704,61-70岁,香港
方玉友,75.0,先生,55.0,,珀莱雅,化妆品,浙江杭州,704,51-60岁,浙江杭州
冯国纶,75.0,先生,76.0,江门,利丰,物流,香港,704,70岁以上,香港
顾江生,75.0,先生,51.0,,顾家家居,家具,浙江杭州,704,51-60岁,浙江杭州
吉为,75.0,先生,67.0,,威胜信息,通信设备,湖南长沙,704,61-70岁,湖南长沙
蒋伟,75.0,先生,,,昊海生物,生物医药,上海松江,704,,上海松江
柯为湘,75.0,先生,73.0,,保利达,房地产,香港,704,70岁以上,香港
柯希平,75.0,先生,64.0,,恒兴实业,投资、地产,福建厦门,704,61-70岁,福建厦门
李阔,75.0,先生,,,白贝壳,母婴产品,浙江杭州,704,,浙江杭州
李添财,75.0,先生,86.0,,金车,食品和饮料,台湾台北,704,70岁以上,台湾台北
李晓华,75.0,先生,62.0,,恩捷股份,包装盒生产,云南玉溪,704,61-70岁,云南玉溪
刘伟,75.0,先生,59.0,梅州,佳都科技,软件和信息技术,广东广州,704,51-60岁,广东广州
卢宗俊,75.0,先生,61.0,,中谷物流,物流,上海浦东,704,61-70岁,上海浦东
马斌,75.0,先生,54.0,,神马,电气机械和器材,江苏南通,704,51-60岁,江苏南通
任晋生,75.0,先生,62.0,江苏,先声药业,生物医药,江苏南京,704,61-70岁,江苏南京
茹伯兴,75.0,先生,77.0,常州,百兴,工业制造、房地产,江苏常州,704,70岁以上,江苏常州
佘英杰,75.0,先生,67.0,,新豪国际,电子设备制造,香港,704,61-70岁,香港
宋卫平,75.0,先生,66.0,,绿城,房地产,浙江杭州,704,61-70岁,浙江杭州
谭炳照,75.0,先生,60.0,,敏捷,房地产,广东广州,704,61-70岁,广东广州
谭莉莉,75.0,先生,,,海大,饲料,广东广州,704,,广东广州
王晖,75.0,先生,63.0,,盛美半导体,半导体,上海浦东,704,61-70岁,上海浦东
王文潮,75.0,先生,73.0,,台塑,化工,台湾高雄,704,70岁以上,台湾高雄
王文洋,75.0,先生,73.0,新北,宏仁,化学原料,广东广州,704,70岁以上,广东广州
王信文,75.0,先生,37.0,,莉莉丝,游戏,上海,704,31-40岁,上海
王义平,75.0,先生,63.0,,继峰股份,汽车零部件,浙江宁波,704,61-70岁,浙江宁波
吴宝田,75.0,先生,73.0,,丽宝,房地产、酒店,台湾台北,704,70岁以上,台湾台北
吴仲毅,75.0,先生,51.0,,亿联网络,通信,福建厦门,704,51-60岁,福建厦门
肖红星,75.0,未知,,湖北孝感、,广合科技,电子元件,广东广州,704,,广东广州
徐万茂,75.0,先生,79.0,,华茂,文具、教育、房地产、金融,浙江宁波,704,70岁以上,浙江宁波
闫洪嘉,75.0,先生,44.0,,宇泽,新能源,云南楚雄,704,41-50岁,云南楚雄
杨浩涌,75.0,先生,50.0,,车好多,汽车服务,北京,704,51-60岁,北京
杨秋梅,75.0,未知,,,商汤科技,人工智能,北京,704,,北京
杨钊,75.0,先生,77.0,惠州,旭日企业,服装、房地产,香港,704,70岁以上,香港
杨志茂,75.0,先生,61.0,东莞,新世纪科教,投资,广东东莞,704,61-70岁,广东东莞
俞其兵,75.0,先生,59.0,,旗滨,玻璃,浙江宁波,704,51-60岁,浙江宁波
张伟祥,75.0,先生,,绍兴,建龙,钢铁、矿业、船运,北京,704,,北京
张新,75.0,先生,62.0,武威,特变电工,电气机械和器材制造,新疆昌吉,704,61-70岁,新疆昌吉
李林,73.0,先生,42.0,,火币,区块链,北京,743,41-50岁,北京
方同华,72.0,先生,61.0,,珍宝岛药业,医药,黑龙江鸡西,744,61-70岁,黑龙江鸡西
李晓林,72.0,先生,71.0,,林达,房地产、投资,北京,744,70岁以上,北京
邵晓峰,72.0,先生,59.0,,阿里系,电子商务、金融科技,浙江杭州,744,51-60岁,浙江杭州
蔡荣军,71.0,先生,52.0,,欧菲光,光电子元器件,广东深圳,747,51-60岁,广东深圳
陈奇星,71.0,先生,65.0,,长盈精密,电子元件,广东深圳,747,61-70岁,广东深圳
彭永东,71.0,先生,45.0,,贝壳,房地产服务,北京,747,41-50岁,北京
沈汉标,71.0,先生,52.0,,好太太,耐用消费品,广东广州,747,51-60岁,广东广州
王慧文,71.0,先生,46.0,,美团,生活服务,北京,747,41-50岁,北京
易贤忠,71.0,先生,65.0,湖北,百奥泰,生物医药,广东广州,747,61-70岁,广东广州
朱一明,71.0,先生,52.0,,兆易创新,芯片研发,北京,747,51-60岁,北京
陈海波,70.0,先生,55.0,,深兰科技,人工智能,上海,754,51-60岁,上海
陈精业,70.0,未知,,,冬海集团,网络游戏、电商,新加坡,754,,新加坡
戴文渊,70.0,先生,41.0,苏州,第四范式,人工智能,北京,754,41-50岁,北京
高毅,70.0,先生,56.0,湖南,益丰药房,医药零售,湖南长沙,754,51-60岁,湖南长沙
耿建明,70.0,先生,62.0,南京,荣盛,房地产,河北廊坊,754,61-70岁,河北廊坊
郭建刚,70.0,先生,58.0,,新宝电器,小家电,广东佛山,754,51-60岁,广东佛山
韩玉龙,70.0,先生,39.0,南通,Manner,餐饮,上海,754,31-40岁,上海
侯昌财,70.0,先生,68.0,,源昌,房地产,福建厦门,754,61-70岁,福建厦门
黄健,70.0,先生,57.0,岳阳,美的,家电制造,广东佛山,754,51-60岁,广东佛山
黄伟,70.0,先生,65.0,,新湖,房地产、金融,浙江杭州,754,61-70岁,浙江杭州
黄泽兰,70.0,先生,69.0,赣州,章源钨业,钨矿,江西赣州,754,61-70岁,江西赣州
姜雪飞,70.0,先生,55.0,大连,崇达科技,印刷电路板,广东深圳,754,51-60岁,广东深圳
李国强,70.0,先生,60.0,,中升控股,汽车销售,辽宁大连,754,61-70岁,辽宁大连
李进,70.0,先生,54.0,,李宁,体育用品、投资,北京,754,51-60岁,北京
李振江,70.0,先生,67.0,河北,神威,医药,河北石家庄,754,61-70岁,河北石家庄
李志远,70.0,先生,69.0,,金盘科技,变压器,海南海口,754,61-70岁,海南海口
聂云宸,70.0,先生,33.0,,喜茶,餐饮,广东深圳,754,31-40岁,广东深圳
彭军,70.0,先生,,,小马智行,自动驾驶技术,广东广州,754,,广东广州
乔玉华,70.0,先生,58.0,鄂尔多斯,双欣,煤炭、热电、化工,内蒙古鄂尔多斯,754,51-60岁,内蒙古鄂尔多斯
孙伟杰,70.0,先生,61.0,山东,杰瑞石油,石油专用设备,山东烟台,754,61-70岁,山东烟台
谭瑞清,70.0,先生,58.0,,龙佰,钛白粉,河南焦作,754,51-60岁,河南焦作
唐晔,70.0,先生,43.0,,柏楚电子,信息技术,上海闵行,754,41-50岁,上海闵行
王锦华,70.0,先生,61.0,,金石资源,矿产,浙江杭州,754,61-70岁,浙江杭州
王敏文,70.0,先生,61.0,,立昂微,半导体,浙江杭州,754,61-70岁,浙江杭州
吴崇仪,70.0,先生,65.0,,至兴,汽车零部件,台湾彰化,754,61-70岁,台湾彰化
徐冠巨,70.0,先生,63.0,,传化,化工、农业、投资,浙江杭州,754,61-70岁,浙江杭州
许志翰,70.0,先生,52.0,,卓胜微,电子器件制造,江苏无锡,754,51-60岁,江苏无锡
薛济萍,70.0,先生,73.0,南通,中天科技,电缆,江苏南通,754,70岁以上,江苏南通
姚其湧,70.0,先生,60.0,,宏兆,投资,广东深圳,754,61-70岁,广东深圳
袁菁,70.0,先生,44.0,,沐瞳科技,游戏,上海,754,41-50岁,上海
张大中,70.0,先生,76.0,北京,大中,投资,北京,754,70岁以上,北京
张晖,70.0,先生,46.0,,满帮,运输,贵州贵阳,754,41-50岁,贵州贵阳
张利钿,70.0,先生,60.0,潮州,雅士利,乳业,广东潮州,754,61-70岁,广东潮州
张跃,70.0,先生,64.0,湖南,远大,环保建筑,湖南长沙,754,61-70岁,湖南长沙
周国辉,70.0,先生,59.0,梅州,怡亚通,供应链,广东深圳,754,51-60岁,广东深圳
周骏,70.0,先生,,,景田,饮料,广东深圳,754,,广东深圳
庄奎龙,70.0,先生,62.0,,新凤鸣,化纤,浙江嘉兴,754,61-70岁,浙江嘉兴
左宗申,70.0,先生,71.0,上海,宗申,摩托车、房地产,重庆,754,70岁以上,重庆
Allan Warburg,68.0,先生,58.0,,绫致时装,服装零售,北京,792,51-60岁,北京
Dan Friis丹飞,68.0,先生,55.0,,绫致时装,服装零售,北京,792,51-60岁,北京
丹宏,68.0,先生,,,五得利,面粉,河北邯郸,792,,河北邯郸
傅明康,68.0,先生,61.0,,日月股份,机械配件,浙江宁波,792,61-70岁,浙江宁波
邵建雄,68.0,先生,60.0,,禾迈股份,光伏逆变器,浙江杭州,792,61-70岁,浙江杭州
伍超群,68.0,先生,55.0,眉山,千禾味业,食品,四川眉山,792,51-60岁,四川眉山
张德生,68.0,先生,75.0,,万马电线电缆,电缆、房地产、医药,浙江杭州,792,70岁以上,浙江杭州
康永来,67.0,未知,,河南南阳,天兵科技,航天,江苏苏州,799,,江苏苏州
柯桂华,67.0,先生,59.0,,科博达,汽车电子产品,上海浦东,799,51-60岁,上海浦东
张华,67.0,先生,,,福华,农业、造纸、矿产,四川成都,799,,四川成都
赵曰岭,67.0,先生,72.0,,金岭,化工,山东东营,799,70岁以上,山东东营
丁锋,66.0,先生,58.0,,星星充电,充电桩,江苏常州,803,51-60岁,江苏常州
邵丹薇,66.0,女士,42.0,,星星充电,充电桩,江苏常州,803,41-50岁,江苏常州
夏曙东,66.0,先生,52.0,,千方科技,智能交通,北京,803,51-60岁,北京
袁桂宝,66.0,先生,,,鸿宝集团,房地产、园林,河南郑州,803,,河南郑州
赵鹏,66.0,先生,54.0,长治,BOSS直聘,招聘网站,北京,803,51-60岁,北京
包松安,65.0,先生,,温州,亿联投资,房地产、投资,天津,808,,天津
曹骥,65.0,先生,72.0,,杭可科技,锂电池,浙江杭州,808,70岁以上,浙江杭州
陈邦栋,65.0,先生,54.0,,思源电气,输配电设备,上海闵行,808,51-60岁,上海闵行
陈保华,65.0,先生,62.0,,华海药业,医药,浙江台州,808,61-70岁,浙江台州
陈竞宏,65.0,先生,78.0,,华达科技,汽车零部件,江苏泰州,808,70岁以上,江苏泰州
程涌,65.0,先生,50.0,沅江,奥士康,高密度印制电路板,广东深圳,808,51-60岁,广东深圳
邓耀升,65.0,先生,38.0,香港,升域,房地产,香港,808,31-40岁,香港
丁永强,65.0,先生,44.0,,古瑞瓦特,光伏设备,广东深圳,808,41-50岁,广东深圳
董清世,65.0,先生,58.0,,信义,玻璃,香港,808,51-60岁,香港
何中林,65.0,先生,56.0,,融通,锂电池材料,湖北黄石,808,51-60岁,湖北黄石
李朝旺,65.0,先生,66.0,江门,维达国际,生活卫生产品,香港,808,61-70岁,香港
李海周,65.0,先生,54.0,,兆威机电,电气设备,广东深圳,808,51-60岁,广东深圳
李强,65.0,先生,,,百雀羚,化妆品,上海,808,,上海
李思廉,65.0,先生,67.0,,富力地产,投资、房地产,广东广州,808,61-70岁,广东广州
李小勤,65.0,先生,53.0,杭州,匠心家居,家具,江苏常州,808,51-60岁,江苏常州
李新炎,65.0,先生,73.0,泉州,中国龙工,重型工程用车,上海松江,808,70岁以上,上海松江
励建立,65.0,先生,52.0,,科达利,锂电池结构件,广东深圳,808,51-60岁,广东深圳
廖杰远,65.0,先生,,,微医,医疗服务,浙江杭州,808,,浙江杭州
刘明辉,65.0,先生,61.0,,中国燃气,能源,香港,808,61-70岁,香港
刘庆峰,65.0,先生,51.0,,科大讯飞,软件和信息技术服务业,安徽合肥,808,51-60岁,安徽合肥
刘先兵,65.0,未知,,,珂玛科技,陶瓷材料,江苏苏州,808,,江苏苏州
刘修才,65.0,先生,67.0,,凯赛生物,生物材料,上海浦东,808,61-70岁,上海浦东
陆永华,65.0,先生,61.0,南通,林洋能源,太阳能,江苏南通,808,61-70岁,江苏南通
罗康瑞,65.0,先生,76.0,香港,瑞安,房地产,香港,808,70岁以上,香港
吕培榕,65.0,先生,65.0,,大帝,投资、房地产、服装,福建泉州,808,61-70岁,福建泉州
明再远,65.0,先生,61.0,德阳,新天然气,天然气,新疆乌鲁木齐,808,61-70岁,新疆乌鲁木齐
欧亚平,65.0,先生,62.0,,百仕达,天然气、房地产,香港,808,61-70岁,香港
邱建林,65.0,先生,61.0,,恒逸,化纤,浙江杭州,808,61-70岁,浙江杭州
邱敏秀,65.0,先生,79.0,,晶盛机电,机电设备,浙江绍兴,808,70岁以上,浙江绍兴
邱祥娟,65.0,先生,,,恒逸,化纤,浙江杭州,808,,浙江杭州
邱奕博,65.0,先生,37.0,,恒逸,化纤,浙江杭州,808,31-40岁,浙江杭州
裘国根,65.0,先生,55.0,绍兴,重阳投资,投资,上海浦东,808,51-60岁,上海浦东
孙毅,65.0,先生,57.0,,浙富控股,清洁能源装备,浙江杭州,808,51-60岁,浙江杭州
王建沂,65.0,先生,61.0,,富通,光纤光缆,浙江杭州,808,61-70岁,浙江杭州
王文城,65.0,先生,,广东,大中,石材、房地产,广东东莞,808,,广东东莞
温纯青,65.0,先生,53.0,梅州,大百汇,烟草、房地产、白酒,广东深圳,808,51-60岁,广东深圳
吴波,65.0,先生,70.0,南京,埃斯顿,机械装备制造,江苏南京,808,70岁以上,江苏南京
吴昕阳,65.0,先生,,新竹,新光三越,房地产,台湾台北,808,,台湾台北
熊小川,65.0,先生,58.0,,美好创亿,医疗机械,广东深圳,808,51-60岁,广东深圳
徐旭东,65.0,先生,54.0,,旭升汽车技术,汽车零部件,浙江宁波,808,51-60岁,浙江宁波
姚俊良,65.0,先生,71.0,,美锦能源,煤炭,山西太原,808,70岁以上,山西太原
詹国海,65.0,先生,56.0,,鑫海控股,石油化工,河北沧州,808,51-60岁,河北沧州
张波,65.0,先生,,,美团,生活服务,北京,808,,北京
张近东,65.0,先生,61.0,安徽,苏宁,零售、房地产,江苏南京,808,61-70岁,江苏南京
张思民,65.0,先生,62.0,,海王,医药、房地产,广东深圳,808,61-70岁,广东深圳
张轩松,65.0,先生,53.0,,永辉,超市零售,福建福州,808,51-60岁,福建福州
折生阳,65.0,先生,69.0,,铂力特,金属增材制造,陕西西安,808,61-70岁,陕西西安
钟志平,65.0,先生,71.0,,创科实业,消费品,香港,808,70岁以上,香港
周伟健,65.0,先生,,,美涂士,墙面保护装饰,广东广州,808,,广东广州
朱敏,65.0,先生,76.0,,赛伯乐,投资,浙江杭州,808,70岁以上,浙江杭州
宗艳民,65.0,先生,60.0,,天岳先进,半导体材料,山东济南,808,61-70岁,山东济南
褚健,63.0,先生,61.0,,中控技术,软件系统,浙江杭州,859,61-70岁,浙江杭州
樊铮,63.0,先生,45.0,,理想汽车,新能源汽车,北京,859,41-50岁,北京
黄关林,63.0,先生,58.0,,申洲针织,纺织、服装,浙江宁波,859,51-60岁,浙江宁波
石毅峰,63.0,先生,50.0,晋中,爱美客,生物制药,北京,859,51-60岁,北京
王斌,63.0,先生,38.0,,书亦餐饮,餐饮连锁,四川成都,859,31-40岁,四川成都
程先锋,62.0,先生,56.0,,亿帆鑫富,医药,浙江杭州,864,51-60岁,浙江杭州
戴珊,62.0,先生,48.0,,阿里系,电子商务、金融科技,浙江杭州,864,41-50岁,浙江杭州
石克荣,62.0,先生,67.0,北京,汇福,食品,河北廊坊,864,61-70岁,河北廊坊
寿柏年,62.0,先生,62.0,,绿城服务,物业管理,浙江杭州,864,61-70岁,浙江杭州
吴泳铭,62.0,先生,49.0,,阿里系,电子商务、金融科技,浙江杭州,864,41-50岁,浙江杭州
赵彤彤,62.0,先生,,,华住,连锁酒店,上海闵行,864,,上海闵行
贾国龙,61.0,先生,57.0,巴彦淖尔,西贝,餐饮,北京,870,51-60岁,北京
姜龙,61.0,先生,50.0,,歌尔股份,声学及多媒体产品,山东潍坊,870,51-60岁,山东潍坊
徐观宝,61.0,先生,67.0,,传化,化工、农业、投资,浙江杭州,870,61-70岁,浙江杭州
尤金焕,61.0,先生,,,华峰,化工、铝业、投资,浙江温州,870,,浙江温州
赵凯,61.0,先生,,,成都环球世纪,投资、房地产,四川成都,870,,四川成都
蔡开云,60.0,先生,52.0,,稻花香,白酒,湖北宜昌,875,51-60岁,湖北宜昌
陈睿,60.0,先生,46.0,成都,哔哩哔哩,视频弹幕网站,上海杨浦,875,41-50岁,上海杨浦
杜伟民,60.0,先生,61.0,南昌,康泰生物,生物医药,广东深圳,875,61-70岁,广东深圳
辜侯天仪,60.0,先生,,,台泥,水泥,台湾台北,875,,台湾台北
胡鹍辉,60.0,先生,33.0,,亚辉龙,生物科技,广东深圳,875,31-40岁,广东深圳
黄金祥,60.0,先生,59.0,,安徽广信,农药化肥、房地产,安徽宣城,875,51-60岁,安徽宣城
金鑫,60.0,先生,57.0,,大金重工,钢结构产品,辽宁阜新,875,51-60岁,辽宁阜新
柯利明,60.0,未知,,,中国儒意,娱乐,香港,875,,香港
赖国贵,60.0,先生,60.0,,春风控股集团,摩托车,浙江杭州,875,61-70岁,浙江杭州
李杰,60.0,先生,49.0,四川,极兔速递,物流快递,印度尼西亚雅加达,875,41-50岁,印度尼西亚雅加达
李凯莉,60.0,女士,,,龙岩,殡葬服务,台湾新北,875,,台湾新北
李平,60.0,先生,60.0,赣州,天高,矿业开发、冶金贸易,广东广州,875,61-70岁,广东广州
李咏怡,60.0,女士,,,粤丰环保,环保,广东东莞,875,,广东东莞
梁桐灿,60.0,先生,,佛山,宏宇,建筑陶瓷,广东佛山,875,,广东佛山
刘宝林,60.0,先生,71.0,,九州通,医药流通,湖北武汉,875,70岁以上,湖北武汉
楼天城,60.0,先生,,,小马智行,自动驾驶技术,广东广州,875,,广东广州
鲁楚平,60.0,先生,59.0,孝感,大洋电机,工业电机,广东中山,875,51-60岁,广东中山
吕绍林,60.0,先生,51.0,邵阳,博众精工,自动化设备,江苏苏州,875,51-60岁,江苏苏州
缪双大,60.0,先生,73.0,无锡,双良,空调设备,江苏无锡,875,70岁以上,江苏无锡
沈波,60.0,先生,61.0,,分布式资本,投资,上海虹口,875,61-70岁,上海虹口
苏如春,60.0,先生,56.0,,华邦,房地产、建筑、投资,广东广州,875,51-60岁,广东广州
孙中伟,60.0,先生,46.0,,华宝新能,便携储能电池、太阳能,广东深圳,875,41-50岁,广东深圳
童文红,60.0,先生,54.0,,阿里系,电子商务、金融科技,浙江杭州,875,51-60岁,浙江杭州
王佳,60.0,先生,55.0,,启明星辰,网络安全,北京,875,51-60岁,北京
王建东,60.0,先生,52.0,邯郸,中建融东,钢铁,河北邯郸,875,51-60岁,河北邯郸
王明鎏,60.0,先生,41.0,,毛球科技,投资、区块链、游戏,四川成都,875,41-50岁,四川成都
王铭祥,60.0,先生,46.0,南通,东华能源,石油化工,江苏南京,875,41-50岁,江苏南京
王维东,60.0,先生,47.0,,赢合科技,自动化设备,广东深圳,875,41-50岁,广东深圳
王宵锟,60.0,先生,41.0,,茶百道,餐饮连锁,四川成都,875,41-50岁,四川成都
王跃旦,60.0,先生,71.0,,富佳实业,家用电器,浙江宁波,875,70岁以上,浙江宁波
王泽龙,60.0,先生,,,中核钛白,钛白粉,广东广州,875,,广东广州
谢剑辉,60.0,先生,,,富兴,汽车服务，产业园区,湖南长沙,875,,湖南长沙
徐进,60.0,先生,59.0,,口子窖,白酒,安徽淮北,875,51-60岁,安徽淮北
徐少春,60.0,先生,61.0,,金蝶国际,财务软件,广东深圳,875,61-70岁,广东深圳
杨受成,60.0,先生,80.0,香港,英皇,房地产,香港,875,70岁以上,香港
袁莉萍,60.0,先生,53.0,,康泰生物,生物医药,广东深圳,875,51-60岁,广东深圳
张清森,60.0,未知,,福建莆田,绿联科技,电子配件,广东深圳,875,,广东深圳
张勇,60.0,先生,,,阿里系,电子商务、金融科技,浙江杭州,875,,浙江杭州
张重兴,60.0,未知,,,台湾精锐,工业机械,台湾台中,875,,台湾台中
赵满堂,60.0,先生,64.0,,盛达,矿业、酒店,甘肃兰州,875,61-70岁,甘肃兰州
赵延平,60.0,先生,56.0,吉林,华测导航,卫星导航,上海青浦,875,51-60岁,上海青浦
甄荣辉,60.0,先生,62.0,,51job,互联网服务,上海静安,875,61-70岁,上海静安
周旭明,60.0,先生,51.0,,科思股份,化学品原料,江苏南京,875,51-60岁,江苏南京
陈泽民,59.0,先生,81.0,,三全食品,食品,河南郑州,918,70岁以上,河南郑州
刘德,59.0,先生,,,小米,北京,北京,918,,北京
姚劲波,59.0,先生,48.0,,58同城,生活服务,北京,918,41-50岁,北京
张亚,59.0,先生,55.0,,国光电气,微波电子器件,四川成都,918,51-60岁,四川成都
赵鸿飞,59.0,先生,50.0,,中科创达,智能终端操作系统,北京,918,51-60岁,北京
吕建明,58.0,先生,59.0,,通策医疗,医疗器械,浙江杭州,923,51-60岁,浙江杭州
申东日,58.0,先生,52.0,江绥化,朗姿,服装,北京,923,51-60岁,北京
王德根,58.0,先生,53.0,,德康农牧,畜牧业、教育,四川成都,923,51-60岁,四川成都
吴城,58.0,先生,,,国城,矿业,北京,923,,北京
吴凯庭,58.0,先生,,,万利达,电子信息产品,福建漳州,923,,福建漳州
谢识才,58.0,先生,63.0,,博威合金,合金材料,浙江宁波,923,61-70岁,浙江宁波
余海军,58.0,先生,50.0,,宝利德,汽车销售,浙江杭州,923,51-60岁,浙江杭州
周华松,58.0,先生,58.0,,松霖科技,淋浴设备,福建厦门,923,51-60岁,福建厦门
周文,58.0,先生,59.0,,普利特,塑料制造、汽车配件,上海青浦,923,51-60岁,上海青浦
陈学利,57.0,先生,73.0,威海,威高,医疗器械,山东威海,932,70岁以上,山东威海
苏增福,57.0,先生,84.0,,苏泊尔,厨具、投资,浙江杭州,932,70岁以上,浙江杭州
王富济,57.0,先生,,,片仔癀,医药,福建漳州,932,,福建漳州
吴惠芳,57.0,先生,,江苏,永钢,钢铁,江苏苏州,932,,江苏苏州
吴永华,57.0,先生,54.0,,安踏,体育用品,福建厦门,932,51-60岁,福建厦门
钟培峰,57.0,先生,61.0,,晶晨股份,电子,上海浦东,932,61-70岁,上海浦东
周俊杰,57.0,先生,56.0,,银都股份,餐饮设备,浙江杭州,932,51-60岁,浙江杭州
刘姗姗,56.0,女士,,,摩尔线程,半导体,北京,939,,北京
陈妙林,55.0,先生,72.0,,开元旅业,房地产,浙江杭州,940,70岁以上,浙江杭州
陈清州,55.0,先生,59.0,,海能达,专业无线通信设备,广东深圳,940,51-60岁,广东深圳
陈育宣,55.0,先生,58.0,九江,电连技术,电子元件连接器,广东深圳,940,51-60岁,广东深圳
陈卓贤,55.0,先生,57.0,中山,雅居乐,投资、房地产,广东广州,940,51-60岁,广东广州
邓颖忠,55.0,先生,73.0,广东,中顺洁柔,生活用纸,广东中山,940,70岁以上,广东中山
郭振宇,55.0,先生,61.0,,贝泰妮,护肤品,云南昆明,940,61-70岁,云南昆明
何德佑,55.0,未知,,,嘉泽端子,电子元件,台湾基隆,940,,台湾基隆
何亚民,55.0,先生,67.0,四川,利君股份,机械制造,四川成都,940,61-70岁,四川成都
花轩德,55.0,先生,81.0,,中贝九洲,医药,浙江台州,940,70岁以上,浙江台州
黄炳文,55.0,先生,70.0,汕头,东风印刷,印刷,广东汕头,940,70岁以上,广东汕头
黄善兵,55.0,先生,68.0,,捷捷微电,半导体器件,江苏南通,940,61-70岁,江苏南通
黄婉茹,55.0,先生,,,联泰,基础建设、房地产,广东汕头,940,,广东汕头
江淦钧,55.0,先生,60.0,,索菲亚,家具,广东广州,940,61-70岁,广东广州
姜桂廷,55.0,先生,66.0,,景津环保,设备制造,山东德州,940,61-70岁,山东德州
蒋锦志,55.0,先生,,,景林资产,投资,上海浦东,940,,上海浦东
金磊,55.0,先生,59.0,,长春高新,生物制药,吉林长春,940,51-60岁,吉林长春
黎经华,55.0,先生,62.0,,罗浮宫家居,家具零售,广东佛山,940,61-70岁,广东佛山
李建华,55.0,先生,71.0,梅州,威华,地板,广东广州,940,70岁以上,广东广州
李文美,55.0,先生,62.0,,万孚生物,快速诊断试剂,广东广州,940,61-70岁,广东广州
李学凌,55.0,先生,51.0,,欢聚时代,游戏、语音软件,广东深圳,940,51-60岁,广东深圳
李缜,55.0,先生,60.0,,国轩高科,电池、房地产、影视、投资,安徽合肥,940,61-70岁,安徽合肥
林海川,55.0,先生,52.0,东莞,宏川,仓储物流,广东东莞,940,51-60岁,广东东莞
吕大龙,55.0,先生,,,韦尔股份,投资,上海浦东,940,,上海浦东
马国林,55.0,先生,60.0,,卫星石化,化工,浙江嘉兴,940,61-70岁,浙江嘉兴
孟庆南,55.0,先生,66.0,,武汉凡谷,通信设备元件,湖北武汉,940,61-70岁,湖北武汉
潘龙泉,55.0,先生,61.0,,泉峰,电动工具,江苏南京,940,61-70岁,江苏南京
彭浩,55.0,先生,57.0,,信维通信,通信部件,广东深圳,940,51-60岁,广东深圳
瞿晓铧,55.0,先生,60.0,,阿特斯,光伏设备,江苏苏州,940,61-70岁,江苏苏州
商晓波,55.0,先生,50.0,,鸿路钢构,金属结构制造业,安徽合肥,940,51-60岁,安徽合肥
束小龙,55.0,先生,36.0,,老乡鸡,餐饮,安徽合肥,940,31-40岁,安徽合肥
孙永根,55.0,先生,53.0,,天圣控股,化纤,浙江绍兴,940,51-60岁,浙江绍兴
汪东颖,55.0,先生,58.0,兰州,纳思达,打印设备,广东珠海,940,51-60岁,广东珠海
王刚,55.0,先生,48.0,,满帮,物流,贵州贵阳,940,41-50岁,贵州贵阳
王坚,55.0,先生,62.0,,阿里系,电子商务、金融科技,浙江杭州,940,61-70岁,浙江杭州
王俊,55.0,先生,48.0,,碳云、华大基因,医疗大数据、基因检测,广东深圳,940,41-50岁,广东深圳
伍亚林,55.0,先生,57.0,莆田,博俊科技,汽车零部件,江苏苏州,940,51-60岁,江苏苏州
谢秉政,55.0,先生,55.0,温州,比音勒芬,服装,广东广州,940,51-60岁,广东广州
杨文龙,55.0,先生,62.0,宜春,仁和药业,医药,江西宜春,940,61-70岁,江西宜春
姚文琛,55.0,先生,73.0,,姚记扑克,文娱,上海,940,70岁以上,上海
张学武,55.0,先生,50.0,,盐津铺子,食品制造,湖南长沙,940,51-60岁,湖南长沙
张学政,55.0,先生,49.0,,闻泰科技,半导体,浙江嘉兴,940,41-50岁,浙江嘉兴
张镇潮,55.0,先生,57.0,,税友股份,财税软件,浙江杭州,940,51-60岁,浙江杭州
赵轶,55.0,先生,48.0,,长川科技,半导体设备,浙江杭州,940,41-50岁,浙江杭州
郑元豹,55.0,先生,66.0,,人民电器,工业电器、房地产、投资,浙江温州,940,61-70岁,浙江温州
钟声坚,55.0,先生,66.0,汕尾,仁恒,房地产,上海浦东,940,61-70岁,上海浦东
周光平,55.0,先生,,,小米,智能硬件与技术、投资,北京,940,,北京
周剑,55.0,先生,48.0,,迈为股份,智能制造装备,江苏苏州,940,41-50岁,江苏苏州
杜越新,54.0,先生,,,嘉德,投资、拍卖,北京,987,,北京
耿殿根,54.0,先生,68.0,,光环新网,电信运营,北京,987,61-70岁,北京
卢荣富,54.0,先生,53.0,,亿联网络,通信,福建厦门,987,51-60岁,福建厦门
徐子泉,54.0,先生,66.0,,捷成,软件与信息服务,北京,987,61-70岁,北京
奥凤廷,53.0,先生,65.0,,蒙泰,煤炭、热电、铝合金,内蒙古鄂尔多斯,991,61-70岁,内蒙古鄂尔多斯
代田田,53.0,先生,41.0,,柏楚电子,信息技术,上海闵行,991,41-50岁,上海闵行
丁水波,53.0,先生,54.0,,特步,体育用品,福建厦门,991,51-60岁,福建厦门
刘满世,53.0,先生,75.0,内蒙古,满世,煤炭,内蒙古鄂尔多斯,991,70岁以上,内蒙古鄂尔多斯
邱达强,53.0,先生,62.0,香港,富地石油,石油化工,香港,991,61-70岁,香港
施清岛,53.0,先生,59.0,,台华新材,纺织材料,浙江嘉兴,991,51-60岁,浙江嘉兴
吴英,53.0,先生,60.0,,美畅,新材料,陕西咸阳,991,61-70岁,陕西咸阳
谢可滔,53.0,先生,60.0,,中教,教育,香港,991,61-70岁,香港
熊晓鸽,53.0,先生,69.0,,IDG资本,投资,北京,991,61-70岁,北京
徐小平,53.0,先生,68.0,江苏,真格,投资,北京,991,61-70岁,北京
徐勇,53.0,先生,60.0,,百度,网络信息服务,北京,991,61-70岁,北京
阎焱,53.0,先生,67.0,安庆,赛富,投资,北京,991,61-70岁,北京
于果,53.0,先生,62.0,,中教,教育,香港,991,61-70岁,香港
庄辰超,53.0,先生,48.0,,斑马投资,投资,北京,991,41-50岁,北京
冯陟旻,52.0,未知,,,冬海集团,网络游戏、电商,新加坡,1005,,新加坡
傅梅城,52.0,先生,67.0,,华策影视,影视传媒,浙江杭州,1005,61-70岁,浙江杭州
李立新,52.0,先生,57.0,,利时,塑胶产品、商业连锁、投资,浙江宁波,1005,51-60岁,浙江宁波
刘海燕,52.0,先生,,,大陆希望,机械电气、能源化工、房地产,四川成都,1005,,四川成都
袁金华,52.0,先生,65.0,,三一,重型机械,北京,1005,61-70岁,北京
朱义文,52.0,先生,,,海吉亚,肿瘤检测,上海长宁,1005,,上海长宁
胡季强,51.0,先生,63.0,,康恩贝,医药,浙江杭州,1011,61-70岁,浙江杭州
彭翼捷,51.0,先生,45.0,,阿里系,电子商务、金融科技,浙江杭州,1011,41-50岁,浙江杭州
涂建华,51.0,先生,55.0,,广联达,软件与信息服务,北京,1011,51-60岁,北京
王振滔,51.0,先生,59.0,,奥康,鞋业、地产,浙江温州,1011,51-60岁,浙江温州
尤小华,51.0,先生,,,华峰,化工、铝业、投资,浙江温州,1011,,浙江温州
周明华,51.0,先生,60.0,,华海药业,医药,浙江台州,1011,61-70岁,浙江台州
周云杰,51.0,先生,63.0,,奥瑞金,包装,北京,1011,61-70岁,北京
孙荫环,50.2,先生,74.0,,亿达,房地产、软件园,辽宁大连,1018,70岁以上,辽宁大连
安治富,50.0,先生,78.0,遂宁,富临,房地产、运输,四川绵阳,1019,70岁以上,四川绵阳
蔡浩,50.0,先生,53.0,,中信博,光伏设备,江苏苏州,1019,51-60岁,江苏苏州
曹建伟,50.0,先生,46.0,,晶盛机电,机电设备,浙江绍兴,1019,41-50岁,浙江绍兴
曹克坚,50.0,先生,62.0,,开山控股,压缩机,浙江衢州,1019,61-70岁,浙江衢州
车冯升,50.0,先生,62.0,山东,四环医药,医药,北京,1019,61-70岁,北京
陈刚,50.0,先生,56.0,,爱旭股份,太阳能电池,上海浦东,1019,51-60岁,上海浦东
陈建造,50.0,未知,,,宝雅,美妆日用品连锁店,台湾台南,1019,,台湾台南
陈茂春,50.0,先生,72.0,,兴华财富,钢铁,河北邯郸,1019,70岁以上,河北邯郸
陈小英,50.0,先生,48.0,杭州,申通快递,物流,上海青浦,1019,41-50岁,上海青浦
陈育新,50.0,先生,74.0,四川,华西希望,畜牧业、教育,四川成都,1019,70岁以上,四川成都
崔维星,50.0,先生,54.0,潍坊,德邦快递,快递,上海青浦,1019,51-60岁,上海青浦
戴立忠,50.0,先生,56.0,北京,圣湘生物,医药制造业,湖南长沙,1019,51-60岁,湖南长沙
戴震,50.0,先生,46.0,白城,能链,充电服务,山东青岛,1019,41-50岁,山东青岛
单建明,50.0,先生,64.0,,美欣达,纺织、房地产、投资,浙江湖州,1019,61-70岁,浙江湖州
丁佐宏,50.0,先生,62.0,南通,月星,房地产、零售、制造,上海普陀,1019,61-70岁,上海普陀
方展城,50.0,先生,,,海天味业,调味品,广东佛山,1019,,广东佛山
冯小华,50.0,先生,68.0,,洋浦南华糖业,制糖业,广西南宁,1019,61-70岁,广西南宁
付胜龙,50.0,先生,62.0,湖南,大汉控股,钢材贸易、房地产,湖南邵阳,1019,61-70岁,湖南邵阳
黄伟常,50.0,先生,73.0,香港,六福,珠宝零售,香港,1019,70岁以上,香港
纪海鹏,50.0,先生,57.0,,龙光地产,房地产,广东深圳,1019,51-60岁,广东深圳
江黎明,50.0,先生,,黄冈,利泰,汽车经销,广东佛山,1019,,广东佛山
蒋锡培,50.0,先生,61.0,无锡,智慧能源,电缆、医药、房地产,江苏无锡,1019,61-70岁,江苏无锡
柯建生,50.0,先生,60.0,,索菲亚,家具,广东广州,1019,61-70岁,广东广州
李俊田,50.0,先生,49.0,,汇川技术,工业自动化产品,广东深圳,1019,41-50岁,广东深圳
李完小,50.0,先生,58.0,,航天环宇,航空设备,湖南长沙,1019,51-60岁,湖南长沙
李志刚,50.0,先生,48.0,,帝尔激光,设备制造,湖北武汉,1019,41-50岁,湖北武汉
林伯实,50.0,先生,79.0,,台玻,建筑玻璃,台湾台北,1019,70岁以上,台湾台北
林鸿明,50.0,未知,,,信骅科技,半导体,台湾新竹,1019,,台湾新竹
林集永,50.0,先生,54.0,惠阳,慕思,床垫,广东东莞,1019,51-60岁,广东东莞
林晓辉,50.0,先生,51.0,,伟禄,投资、房地产,香港,1019,51-60岁,香港
刘国伟,50.0,先生,52.0,,汇川技术,工业自动化产品,广东深圳,1019,51-60岁,广东深圳
刘冀鲁,50.0,先生,77.0,安徽,顺丰,快递,广东深圳,1019,70岁以上,广东深圳
鲁卫东,50.0,先生,59.0,,鄂尔多斯,羊绒、煤电、冶金、房地产,内蒙古鄂尔多斯,1019,51-60岁,内蒙古鄂尔多斯
马飞,50.0,先生,56.0,河源,飞荣达,电子元件,广东深圳,1019,51-60岁,广东深圳
阙伟东,50.0,先生,56.0,,确成股份,化工,江苏无锡,1019,51-60岁,江苏无锡
沈国荣,50.0,先生,,,国电南瑞,电网自动化,江苏南京,1019,,江苏南京
孙洪军,50.0,先生,51.0,铁岭,艾为电子,芯片,上海,1019,51-60岁,上海
孙雁军,50.0,未知,,,飞南资源,金属回收,广东佛山,1019,,广东佛山
陶春风,50.0,先生,57.0,,长鸿高科,高分子材料,浙江宁波,1019,51-60岁,浙江宁波
陶意,50.0,先生,,,波克,游戏,上海,1019,,上海
田刚印,50.0,未知,,江苏盐城,联合飞机,航天,广东深圳,1019,,广东深圳
万永兴,50.0,先生,53.0,,中瑞,煤炭供应链管理、房地产,河南郑州,1019,51-60岁,河南郑州
王兵,50.0,先生,42.0,,十月稻田,食品,北京,1019,41-50岁,北京
王炳坤,50.0,先生,52.0,东莞,慕思,床垫,广东东莞,1019,51-60岁,广东东莞
王春生,50.0,先生,49.0,,安洁科技,消费电子组件,江苏苏州,1019,41-50岁,江苏苏州
王力展,50.0,先生,,,海天味业,调味品,广东佛山,1019,,广东佛山
王念强,50.0,先生,60.0,,比亚迪,汽车、充电电池,广东深圳,1019,61-70岁,广东深圳
王晓申,50.0,先生,56.0,,赣锋锂业,有色金属冶炼加工,江西新余,1019,51-60岁,江西新余
王张兴,50.0,先生,57.0,绍兴,城市地产,房地产、投资,上海浦东,1019,51-60岁,上海浦东
韦锦坤,50.0,先生,71.0,,泛微网络,计算机技术,上海闵行,1019,70岁以上,上海闵行
文剑平,50.0,先生,62.0,湖南,碧水源,污水处理,北京,1019,61-70岁,北京
吴亦圭,50.0,先生,72.0,,台聚,化工,台湾台北,1019,70岁以上,台湾台北
谢卓明,50.0,未知,,,旭隼,电气设备,台湾台北,1019,,台湾台北
徐国忠,50.0,先生,61.0,,江苏国茂,设备制造,江苏常州,1019,61-70岁,江苏常州
徐明星,50.0,先生,39.0,,欧科云链,区块链,北京,1019,31-40岁,北京
杨建良,50.0,先生,55.0,,弘元绿能,光伏设备,江苏无锡,1019,51-60岁,江苏无锡
杨龙忠,50.0,先生,58.0,,比亚迪,汽车、充电电池,广东深圳,1019,51-60岁,广东深圳
姚雄杰,50.0,先生,,龙岩,盛屯,锂电新能源材料,广东深圳,1019,,广东深圳
叶华能,50.0,先生,73.0,梅州,宝丽华,新能源,广东广州,1019,70岁以上,广东广州
叶继跃,50.0,先生,57.0,,三维股份,橡胶制品,浙江台州,1019,51-60岁,浙江台州
俞德超,50.0,先生,60.0,台州,信达生物,生物医药,江苏苏州,1019,61-70岁,江苏苏州
袁金钰,50.0,先生,68.0,,顺络电子,新型电子元件,广东深圳,1019,61-70岁,广东深圳
袁帅,50.0,先生,37.0,,莉莉丝,游戏,上海,1019,31-40岁,上海
袁永彬,50.0,先生,62.0,,伯特利,汽车零部件,安徽芜湖,1019,61-70岁,安徽芜湖
张昊,50.0,先生,37.0,,莉莉丝,游戏,上海,1019,31-40岁,上海
张瑞安,50.0,先生,49.0,,乐鑫科技,芯片,上海浦东,1019,41-50岁,上海浦东
张天瑜,50.0,先生,57.0,,广和通,通信设备,广东深圳,1019,51-60岁,广东深圳
张伟,50.0,先生,67.0,,热威股份,热电元件,浙江杭州,1019,61-70岁,浙江杭州
赵贵钦,50.0,未知,,广东汕头,润本股份,日化用品,广东广州,1019,,广东广州
赵玉乔,50.0,先生,,迁安,九江,钢铁、酒店,河北迁安,1019,,河北迁安
郑效东,50.0,先生,60.0,,东富龙,医疗设备,上海闵行,1019,61-70岁,上海闵行
钟怀军,50.0,先生,60.0,阿坝,紫燕食品,食品,上海闵行,1019,61-70岁,上海闵行
周儒欣,50.0,先生,61.0,北京,北斗星通,卫星导航设备,北京,1019,61-70岁,北京
周文起,50.0,先生,,,华北,铜业、房地产,天津,1019,,天津
周晓峰,50.0,先生,55.0,,宁波华翔,汽车零配件,浙江宁波,1019,51-60岁,浙江宁波
朱兴良,50.0,先生,65.0,苏州,金螳螂,建筑,江苏苏州,1019,61-70岁,江苏苏州
